First Name,Last Name,raceEthnicityAlt,raceEthnicity,probabilityCalibrated,probabilityAltCalibrated,Prediction,Confidence,Ground_Truth
A.J.,Alexy,A,W_NL,0.810915867,0.895732679,White,0.999921441,White
Aaron,Ashby,W_NL,B_NL,0.48077231,0.920589805,White,0.427769959,White
Aaron,Brooks,W_NL,B_NL,0.749942167,0.961525174,White,0.993323267,White
Aaron,Bummer,B_NL,W_NL,0.71115358,0.904945102,White,0.981532216,White
Aaron,Civale,B_NL,W_NL,0.693930401,0.809677911,White,0.441868901,White
Aaron,Fletcher,W_NL,B_NL,0.449534478,0.921381927,Indian,0.474433243,Black
Aaron,Hicks,W_NL,B_NL,0.715251668,0.960736168,Indian,0.831452131,Black
Aaron,Judge,W_NL,B_NL,0.569811624,0.919364966,Latino_Hispanic,0.549028635,White
Abraham,Almonte,W_NL,HL,0.933405389,0.954911335,Black,0.999563277,Black
Adam,Cimber,B_NL,W_NL,0.897749019,0.923911097,White,0.998336494,White
Adam,Duvall,B_NL,W_NL,0.755365166,0.955713163,White,0.797202826,White
Adam,Engel,A,W_NL,0.901481316,0.924333547,White,0.998638451,White
Adam,Frazier,B_NL,W_NL,0.657375358,0.941091021,White,0.934062004,White
Adam,Haseley,B_NL,W_NL,0.906320674,0.947166038,White,0.716467083,White
Adbert,Alzolay,B_NL,W_NL,0.54166597,0.820583191,Latino_Hispanic,0.418968707,Latino_Hispanic
Adrian,Houser,B_NL,W_NL,0.738077307,0.910827042,White,0.998960257,White
Akil,Baddoo,A,B_NL,0.762488449,0.911583108,Black,0.999940991,Black
Albert,Abreu,B_NL,HL,0.919576135,0.947412607,Black,0.599532723,Latino_Hispanic
Albert,Almora Jr.,W_NL,HL,0.901790228,0.927652003,White,0.691472828,Other
Alcides,Escobar,A,HL,0.972734027,0.986888824,Black,0.994953096,Black
Alec,Bohm,A,W_NL,0.845863364,0.936069362,White,0.97696197,White
Alec,Burleson,B_NL,W_NL,0.762114623,0.914692017,White,0.993789136,White
Alex,Bregman,HL,W_NL,0.760369623,0.904740022,White,0.999350369,White
Alex,Call,HL,W_NL,0.414052563,0.71347278,White,0.686063826,White
Alex,Claudio,A,HL,0.942420546,0.967838497,White,0.718147099,White
Alex,Cobb,W_NL,B_NL,0.667012214,0.913065166,White,0.99909687,White
Alex,Dickerson,W_NL,B_NL,0.673134394,0.903346311,White,0.93078649,White
Alex,Faedo,W_NL,HL,0.894525513,0.921909622,Latino_Hispanic,0.883821309,Latino_Hispanic
Alex,Jackson,W_NL,B_NL,0.892758734,0.931493124,Latino_Hispanic,0.752369583,White
Amir,Garrett,B_NL,W_NL,0.78990905,0.906166183,Southeast Asian,0.564334393,Black
Anderson,Espinoza,A,HL,0.949113106,0.986888824,Southeast Asian,0.795117557,Black
Andre,Jackson,W_NL,B_NL,0.928409272,0.977196841,Black,0.786687553,Black
Andrew,Bellatti,A,W_NL,0.740896554,0.836998161,White,0.995076478,White
Andrew,Benintendi,HL,W_NL,0.871535122,0.906769622,White,0.987392843,White
Andrew,Chafin,A,W_NL,0.860057589,0.904411354,White,0.996273398,White
Andrew,Heaney,B_NL,W_NL,0.871421962,0.921554544,White,0.974005997,White
Angel,De Jesus,A,HL,0.803264949,0.925422947,Black,0.999048293,Black
Anthony,Alford,W_NL,B_NL,0.722086588,0.91752491,Black,0.999959469,Black
Anthony,Banda,B_NL,HL,0.544383217,0.915218859,Latino_Hispanic,0.789431691,Latino_Hispanic
Anthony,Bass,W_NL,B_NL,0.748141927,0.940788568,White,0.934595764,White
Anthony,Bemboom,B_NL,W_NL,0.594945871,0.907181819,White,0.98356837,White
Anthony,Bender,B_NL,W_NL,0.422422527,0.897214396,White,0.988640785,White
Anthony,Castro,A,HL,0.9490558,0.979540643,Black,0.974515617,Black
Anthony,DeSclafani,W_NL,B_NL,0.494107137,0.748818077,White,0.999902725,White
Anthony,Gose,W_NL,B_NL,0.553367972,0.848423482,Latino_Hispanic,0.801845908,Latino_Hispanic
Anthony,Kay,W_NL,B_NL,0.662359702,0.908314044,White,0.928307116,White
Aramis,Garcia,W_NL,HL,0.949516733,0.983456321,White,0.781775713,Latino_Hispanic
Archie,Bradley,W_NL,B_NL,0.765038476,0.962241517,White,0.997353554,White
Aristides,Aquino,A,HL,0.919680105,0.978726875,Black,0.999923348,Black
Aroldis,Chapman,B_NL,W_NL,0.537604755,0.878530036,Black,0.996048748,Black
Ashton,Goudeau,W_NL,B_NL,0.627126522,0.935041016,White,0.999371946,White
Austin,Adams,W_NL,B_NL,0.58806998,0.947040978,White,0.840200067,White
Austin,Allen,B_NL,W_NL,0.483132124,0.902173937,White,0.994502068,White
Austin,Barnes,W_NL,B_NL,0.528461907,0.92247264,Latino_Hispanic,0.67604053,White
Austin,Brice,W_NL,B_NL,0.526935236,0.928949253,White,0.999882817,White
Austin,Davis,W_NL,B_NL,0.604066694,0.947204798,White,0.51112932,White
Austin,Dean,B_NL,W_NL,0.626575964,0.882989546,White,0.765792251,White
Austin,Gomber,B_NL,W_NL,0.775589362,0.848997502,White,0.960232675,White
Austin,Hays,B_NL,W_NL,0.801263741,0.934540492,White,0.766339064,White
Austin,Hedges,B_NL,W_NL,0.625926257,0.913233984,Latino_Hispanic,0.431967795,White
Bailey,Falter,B_NL,W_NL,0.90539634,0.948642096,White,0.998906136,White
Beau,Brieske,B_NL,W_NL,0.788972359,0.913922028,White,0.975855589,White
Ben,DeLuzio,HL,W_NL,0.582310269,0.757954745,Indian,0.630957484,White
Ben,Gamel,A,W_NL,0.724500168,0.852823922,White,0.999831676,White
Billy,Hamilton,W_NL,B_NL,0.485783972,0.935073498,Black,0.754854143,Black
Bo,Bichette,B_NL,A,0.602755663,0.758288765,Southeast Asian,0.749836683,Latino_Hispanic
Bobby,Bradley,W_NL,B_NL,0.601683929,0.967986574,Black,0.966828704,Black
Bobby,Dalbec,B_NL,W_NL,0.877479632,0.946898464,Latino_Hispanic,0.669650793,White
Bowden,Francis,W_NL,B_NL,0.645009512,0.911966596,White,0.9812029,White
Brad,Boxberger,B_NL,W_NL,0.940261752,0.964092586,White,0.999787629,White
Brad,Hand,B_NL,W_NL,0.84927071,0.944239779,Middle Eastern,0.605504394,White
Brad,Keller,B_NL,W_NL,0.899579209,0.960716936,White,0.997013927,White
Brandon,Belt,B_NL,W_NL,0.759786683,0.936403474,Latino_Hispanic,0.539736986,White
Brandon,Bielak,A,W_NL,0.941287386,0.969576244,White,0.991646588,White
Brandon,Crawford,W_NL,B_NL,0.52767863,0.947703884,White,0.870528162,White
Brandon,Dixon,W_NL,B_NL,0.772928303,0.963211773,White,0.999674916,White
Brandon,Drury,B_NL,W_NL,0.871625681,0.922957753,White,0.987866521,White
Brandon,Hughes,W_NL,B_NL,0.453475442,0.930188107,White,0.999530673,White
Braxton,Garrett,W_NL,B_NL,0.619760563,0.927085291,White,0.998968005,White
Brayan,Bello,B_NL,HL,0.699502321,0.875314358,Black,0.989848971,Black
Brendan,Donovan,B_NL,W_NL,0.85874015,0.92285275,White,0.998533726,White
Brendon,Davis,W_NL,B_NL,0.780155924,0.960265259,Black,0.999883771,Black
Brennan,Bernardino,W_NL,HL,0.824313821,0.89598855,Latino_Hispanic,0.873039901,Latino_Hispanic
Brett,Baty,B_NL,W_NL,0.763891089,0.959946127,White,0.998890936,White
Brewer,Hicklen,W_NL,B_NL,0.668779585,0.922091993,White,0.999909878,White
Brian,Anderson,B_NL,W_NL,0.462540557,0.938870219,White,0.940825284,White
Brock,Burke,B_NL,W_NL,0.483714117,0.95070097,White,0.845340192,White
Brusdar,Graterol,HL,W_NL,0.541194589,0.745383399,Latino_Hispanic,0.784702659,Latino_Hispanic
Bryan,Abreu,A,HL,0.92145636,0.942155309,Latino_Hispanic,0.697408557,Latino_Hispanic
Bryan,Baker,B_NL,W_NL,0.573992773,0.931183601,White,0.948048413,White
Bryan,De La Cruz,W_NL,A,0.490745335,0.756926982,Black,0.992412269,Black
Bryan,Garcia,A,HL,0.945573651,0.977496232,White,0.998942673,Latino_Hispanic
Bryan,Hoeing,A,W_NL,0.740703398,0.899664449,White,0.976170421,White
Bryce,Elder,B_NL,W_NL,0.522173838,0.961784332,White,0.998814583,White
Bryce,Harper,W_NL,B_NL,0.533332828,0.962251503,White,0.998350263,White
Bryce,Johnson,W_NL,B_NL,0.756209713,0.969994595,White,0.999806941,White
Buck,Farmer,B_NL,W_NL,0.57438874,0.897201609,White,0.921159685,White
Byron,Buxton,W_NL,B_NL,0.69053129,0.949502788,Black,0.931020379,Black
C.J.,Cron,B_NL,W_NL,0.678631734,0.758276478,White,0.967979491,White
Cade,Cavalli,HL,W_NL,0.883314339,0.912959114,White,0.986541271,White
Caleb,Ferguson,B_NL,W_NL,0.485183397,0.936194788,White,0.917496204,White
Caleb,Hamilton,B_NL,W_NL,0.445626966,0.943676589,White,0.983434975,White
Calvin,Faucher,W_NL,B_NL,0.497696103,0.924170205,White,0.996011615,White
Cam,Alldred,W_NL,A,0.803757461,0.882321051,White,0.98919338,White
Cam,Gallagher,W_NL,A,0.621740757,0.914787322,White,0.828343749,White
Camilo,Doval,A,HL,0.944575155,0.977575104,Black,0.955411553,Black
Carl,Edwards Jr.,W_NL,B_NL,0.681312197,0.960551515,Black,0.937504649,Black
Carlos,Carrasco,A,HL,0.972734027,0.986888824,Latino_Hispanic,0.928651333,Latino_Hispanic
Carlos,Correa,B_NL,HL,0.972734027,0.986888824,Latino_Hispanic,0.773860812,Latino_Hispanic
Carson,Kelly,W_NL,B_NL,0.442290474,0.932551092,White,0.818364024,White
Cavan,Biggio,HL,W_NL,0.842859559,0.911518529,Latino_Hispanic,0.638053,White
Chad,Green,B_NL,W_NL,0.498754734,0.916970443,White,0.998570085,White
Charlie,Blackmon,W_NL,B_NL,0.868855406,0.969561715,White,0.741630733,White
Charlie,Culberson,W_NL,B_NL,0.782522894,0.960912176,White,0.938371658,White
Chase,Anderson,W_NL,B_NL,0.571976861,0.948820621,White,0.999561608,White
Chase,De Jong,B_NL,A,0.368472013,0.608381992,White,0.897988975,White
Chris,Archer,B_NL,W_NL,0.576767354,0.889222401,Latino_Hispanic,0.688426375,Latino_Hispanic
Chris,Bassitt,B_NL,W_NL,0.714801966,0.922868545,White,0.997679532,White
Chris,Devenski,A,W_NL,0.871761649,0.915164349,White,0.999844074,White
Chris,Ellis,B_NL,W_NL,0.412290727,0.93036652,White,0.998369396,White
Chris,Flexen,B_NL,W_NL,0.58573443,0.772391971,White,0.9210006,White
Christian,Arroyo,A,HL,0.949347309,0.986888824,White,0.992612183,White
Christian,Bethancourt,HL,W_NL,0.415011413,0.734336704,Latino_Hispanic,0.563535392,Black
CJ,Abrams,W_NL,B_NL,0.664165272,0.846912997,Black,0.988909423,Black
Clay,Holmes,W_NL,B_NL,0.5920472,0.956475259,White,0.959306777,White
Clint,Frazier,W_NL,B_NL,0.518532209,0.952916922,White,0.999928832,White
Cody,Bellinger,B_NL,W_NL,0.836863327,0.962074049,White,0.985266149,White
Cole,Irvin,W_NL,B_NL,0.62057689,0.94830257,White,0.997878075,White
Colin,Holderman,B_NL,W_NL,0.840600845,0.905374892,White,0.995235026,White
Conner,Capel,B_NL,W_NL,0.61083248,0.756536685,White,0.999309182,White
Connor,Brogdon,B_NL,W_NL,0.614908914,0.934037879,White,0.877920628,White
Connor,Joe,B_NL,A,0.415796111,0.748285501,East Asian,0.539121687,East Asian
Cooper,Criswell,B_NL,W_NL,0.598627944,0.927302681,White,0.990610301,White
Cooper,Hummel,A,W_NL,0.901808213,0.933139218,White,0.933305144,White
Corbin,Burnes,W_NL,B_NL,0.521787311,0.943094909,White,0.982253253,White
Corbin,Carroll,B_NL,W_NL,0.604130843,0.916808476,Latino_Hispanic,0.460541368,White
Corey,Dickerson,W_NL,B_NL,0.750486847,0.974949802,White,0.999337614,White
Cory,Abbott,B_NL,W_NL,0.710160554,0.951276151,White,0.888899624,White
Cristian,Javier,A,HL,0.740790944,0.916620707,Black,0.999849081,Black
Curt,Casali,B_NL,W_NL,0.920050301,0.938254107,White,0.998991072,White
Dairon,Blanco,W_NL,HL,0.944131932,0.969683977,Black,0.99766314,Black
Dakota,Hudson,W_NL,B_NL,0.478587767,0.921622319,White,0.682397187,White
Dalton,Guthrie,B_NL,W_NL,0.441124839,0.908036526,Latino_Hispanic,0.660456538,Latino_Hispanic
Damon,Jones,W_NL,B_NL,0.874415805,0.955583059,White,0.999178588,White
Dane,Dunning,W_NL,B_NL,0.455398529,0.898176045,East Asian,0.743834019,East Asian
Daniel,Bard,B_NL,W_NL,0.573017468,0.880204858,White,0.977505744,White
Daniel,Castano,W_NL,HL,0.943173003,0.973523171,White,0.870775163,White
Daniel,Duarte,W_NL,HL,0.945184599,0.972385374,Latino_Hispanic,0.916077197,Latino_Hispanic
Daniel,Hudson,W_NL,B_NL,0.563300477,0.919071886,White,0.858136714,White
Danny,Coulombe,W_NL,B_NL,0.607820556,0.881501614,White,0.998925984,White
Danny,Jansen,A,W_NL,0.860890041,0.933046143,White,0.999685526,White
Darick,Hall,W_NL,B_NL,0.642849918,0.94408876,Latino_Hispanic,0.938154101,White
Daulton,Jefferies,W_NL,B_NL,0.716091204,0.96106514,White,0.984086215,White
David,Bednar,HL,W_NL,0.934851978,0.963930616,White,0.983287096,White
David,Bote,B_NL,W_NL,0.557838977,0.758102894,White,0.997873545,White
David,Fletcher,B_NL,W_NL,0.652758852,0.934879879,White,0.755907774,White
David,Hensley,B_NL,W_NL,0.769005375,0.933227899,White,0.987289727,White
Daz,Cameron,W_NL,B_NL,0.499442647,0.758016423,Black,0.999028087,Black
Derek,Hill,W_NL,B_NL,0.520985728,0.954839485,Black,0.917595446,Black
Didi,Gregorius,B_NL,W_NL,0.536665051,0.904617275,Black,0.999706447,Black
Diego,Castillo,A,HL,0.972734027,0.986888824,Black,0.990553439,Black
DL,Hall,B_NL,W_NL,0.457171029,0.886436094,White,0.824560761,White
Domingo,Acevedo,A,HL,0.972734027,0.986888824,Black,0.8149575,Black
Drew,Carlton,B_NL,W_NL,0.711226113,0.941617182,White,0.999769628,White
Drew,Ellis,B_NL,W_NL,0.671995946,0.963763972,White,0.969696522,White
Drew,Hutchison,B_NL,W_NL,0.808434096,0.945962363,White,0.996776402,White
Drew,Jackson,W_NL,B_NL,0.698730881,0.953927303,White,0.998908758,White
Drey,Jameson,W_NL,B_NL,0.539510382,0.939397639,White,0.984719157,White
Dustin,Garneau,B_NL,W_NL,0.895570547,0.916198464,White,0.973164856,White
Dylan,Bundy,B_NL,W_NL,0.615360068,0.915719233,White,0.99964416,White
Dylan,Carlson,HL,W_NL,0.910966904,0.928362493,Latino_Hispanic,0.770890057,White
Dylan,Cease,B_NL,W_NL,0.775355703,0.896512077,Latino_Hispanic,0.663946927,White
Dylan,Coleman,B_NL,W_NL,0.586158682,0.903338028,White,0.973086178,White
Dylan,Floro,W_NL,HL,0.538755783,0.815037836,White,0.998412848,White
Eddy,Alvarez,A,HL,0.972734027,0.986888824,White,0.635978281,Latino_Hispanic
Eduard,Bazardo,W_NL,HL,0.657169053,0.887677208,Black,0.549865663,Black
Eduardo,Escobar,A,HL,0.972734027,0.986888824,Black,0.732672274,Black
Edward,Cabrera,A,HL,0.948480258,0.979769515,Black,0.981921673,Black
Ehire,Adrianza,HL,B_NL,0.780294822,0.847746581,Latino_Hispanic,0.895671368,Latino_Hispanic
Elier,Hernandez,A,HL,0.972734027,0.986888824,Black,0.998438776,Black
Elvis,Andrus,B_NL,W_NL,0.496127334,0.757127952,Black,0.989993989,Black
Emmanuel,Clase,HL,B_NL,0.598875802,0.879998713,Latino_Hispanic,0.514040768,Black
Ender,Inciarte,W_NL,HL,0.656478813,0.851568928,White,0.985232592,White
Enyel,De Los Santos,B_NL,A,0.513267043,0.733785474,Black,0.999813974,Black
Eric,Haase,B_NL,W_NL,0.851705829,0.921399156,White,0.504152894,White
Eric,Hosmer,B_NL,W_NL,0.819159316,0.885492411,Latino_Hispanic,0.847713828,White
Erick,Fedde,B_NL,W_NL,0.523287004,0.842516146,White,0.999183357,White
Ernie,Clement,W_NL,B_NL,0.662716084,0.904304475,White,0.790284693,White
Estevan,Florial,A,HL,0.677767101,0.848617057,Black,0.999738753,Black
Ezequiel,Duran,A,HL,0.969426169,0.986888824,Black,0.607922792,Black
Fernando,Cruz,A,HL,0.972734027,0.986888824,Latino_Hispanic,0.850959837,Latino_Hispanic
Foster,Griffin,W_NL,B_NL,0.66497309,0.963004931,White,0.939485133,White
Franchy,Cordero,A,HL,0.945602629,0.977404483,Black,0.788794518,Black
Franklin,German,B_NL,W_NL,0.538816963,0.833295383,Latino_Hispanic,0.656773806,White
Freddie,Freeman,W_NL,B_NL,0.839681726,0.949785123,White,0.998595536,White
Freddy,Fermin,A,HL,0.941873925,0.975897873,East Asian,0.695167899,White
Gabriel,Arias,A,HL,0.972734027,0.986888824,Latino_Hispanic,0.920736074,Latino_Hispanic
Garrett,Cleavinger,B_NL,W_NL,0.89390827,0.960937606,White,0.916857898,White
Garrett,Cooper,B_NL,W_NL,0.398786766,0.961130604,White,0.998500586,White
Garrett,Hampson,B_NL,W_NL,0.606421751,0.952722609,White,0.97600162,White
Garrett,Hill,W_NL,B_NL,0.46319775,0.960357584,White,0.999321103,White
Gavin,Hollowell,B_NL,W_NL,0.411299262,0.936711616,White,0.989484012,White
Gerrit,Cole,B_NL,W_NL,0.492425692,0.937580946,White,0.998666883,White
Gilberto,Celestino,A,HL,0.969426169,0.986888824,Black,0.594000399,Latino_Hispanic
Giovanny,Gallegos,W_NL,HL,0.948991021,0.979820376,Latino_Hispanic,0.652567565,Latino_Hispanic
Gosuke,Katoh,B_NL,A,0.895450392,0.965787345,East Asian,0.68966347,East Asian
Graham,Ashcraft,B_NL,W_NL,0.842872047,0.930352355,White,0.958613694,White
Grayson,Greiner,B_NL,W_NL,0.875632372,0.938389011,White,0.999871254,White
Greg,Allen,B_NL,W_NL,0.59239689,0.904680984,Black,0.999347866,Black
Greg,Holland,B_NL,W_NL,0.629131341,0.941149801,White,0.968810797,White
Griffin,Jax,B_NL,W_NL,0.748673299,0.883082025,White,0.746245921,White
Guillermo,Heredia,A,HL,0.972734027,0.986888824,Black,0.999883533,Black
Gunnar,Henderson,B_NL,W_NL,0.921414401,0.973351948,White,0.999438941,White
Hanser,Alberto,A,HL,0.663694435,0.827698967,Black,0.998429239,Black
Harold,Castro,A,HL,0.934561761,0.956750307,Latino_Hispanic,0.528871417,Latino_Hispanic
Harrison,Bader,B_NL,W_NL,0.771132507,0.896820142,White,0.999917507,White
Heath,Hembree,A,W_NL,0.822569875,0.900805834,White,0.986480534,White
Huascar,Brazoban,A,HL,0.582959817,0.821960108,Black,0.99990046,Black
Humberto,Castellanos,A,HL,0.972734027,0.986888824,Latino_Hispanic,0.655276358,Latino_Hispanic
Hunter,Brown,B_NL,W_NL,0.505817454,0.941421376,White,0.993794203,White
Hunter,Dozier,B_NL,W_NL,0.584473502,0.92102328,White,0.999604166,White
Hunter,Gaddis,B_NL,W_NL,0.806313016,0.939468785,White,0.812701404,White
Hunter,Greene,B_NL,W_NL,0.664640958,0.957086555,Black,0.999777496,Black
Hunter,Harvey,B_NL,W_NL,0.676093784,0.93745312,White,0.975676298,White
Ian,Anderson,B_NL,W_NL,0.48138528,0.921015632,White,0.959012628,White
Ian,Gibaut,HL,W_NL,0.803811942,0.85366268,White,0.932014823,White
Ian,Hamilton,B_NL,W_NL,0.4512993,0.912844396,White,0.978026867,White
Ian,Happ,A,W_NL,0.864628191,0.90414695,White,0.99881953,White
J.D.,Davis,W_NL,B_NL,0.897490966,0.94655111,White,0.996605396,White
J.P.,Crawford,W_NL,B_NL,0.740007702,0.957979475,Latino_Hispanic,0.60449326,Black
J.P.,Feyereisen,B_NL,W_NL,0.840952171,0.911519923,Latino_Hispanic,0.489712924,White
Jack,Flaherty,B_NL,W_NL,0.898812201,0.940273705,Latino_Hispanic,0.546232998,White
Jackie,Bradley Jr.,W_NL,B_NL,0.557132306,0.960139217,Black,0.999590576,Black
Jacob,Barnes,B_NL,W_NL,0.427544027,0.911874081,Latino_Hispanic,0.512468934,White
Jacob,deGrom,A,W_NL,0.664843205,0.847793407,White,0.999140382,White
Jake,Bird,B_NL,W_NL,0.800025983,0.901437345,White,0.947052896,White
Jake,Brentz,HL,W_NL,0.803303024,0.87681338,White,0.961719275,White
Jake,Burger,B_NL,W_NL,0.832428952,0.921660723,White,0.999127924,White
Jake,Cave,B_NL,W_NL,0.505010885,0.862146667,White,0.998888791,White
Jake,Cousins,W_NL,B_NL,0.397197578,0.930395563,White,0.914538383,White
Jake,Cronenworth,B_NL,W_NL,0.734646151,0.844336254,White,0.999837279,White
Jake,Diekman,B_NL,W_NL,0.79317659,0.887013571,White,0.998148799,White
Jake,Fishman,B_NL,W_NL,0.884295518,0.912360577,White,0.97649914,White
Jake,Fraley,B_NL,W_NL,0.674040509,0.923071895,White,0.999839187,White
Jake,Hager,B_NL,W_NL,0.921849764,0.941303965,White,0.995110691,White
Jakob,Junis,A,W_NL,0.826768755,0.899882562,White,0.603836358,White
Jalen,Beeks,W_NL,B_NL,0.616338908,0.958078448,White,0.83388114,White
James,Kaprielian,B_NL,W_NL,0.920542476,0.954550834,White,0.971801579,White
James,Karinchak,A,W_NL,0.829520879,0.905421307,White,0.962789416,White
Jandel,Gustave,W_NL,B_NL,0.724069622,0.843257446,Black,0.862603962,Black
Janson,Junk,A,W_NL,0.762850058,0.905484827,White,0.9987638,White
Jarred,Kelenic,B_NL,W_NL,0.91671903,0.97633891,White,0.998183429,White
Jarren,Duran,A,HL,0.832216938,0.919628647,White,0.98980999,White
Jason,Adam,B_NL,W_NL,0.530780342,0.768855467,White,0.986364722,White
Jason,Alexander,B_NL,W_NL,0.552812753,0.930271048,White,0.763471663,White
Jason,Castro,A,HL,0.944342089,0.975791637,White,0.727997839,White
Jason,Delay,B_NL,W_NL,0.509828758,0.814689543,White,0.990790963,White
Jason,Foley,B_NL,W_NL,0.691190767,0.933155531,White,0.994210839,White
Jason,Heyward,W_NL,B_NL,0.713493569,0.917229123,Black,0.999093652,Black
Javier,Assad,A,HL,0.60614126,0.758400003,Latino_Hispanic,0.714484513,Latino_Hispanic
Javy,Guerra,A,HL,0.941669762,0.97715821,Latino_Hispanic,0.842998326,Latino_Hispanic
Jay,Jackson,W_NL,B_NL,0.872624869,0.913147091,Black,0.946494639,Black
Jaylin,Davis,W_NL,B_NL,0.80565178,0.927913906,Black,0.997993588,Black
Jazz,Chisholm,W_NL,B_NL,0.761645867,0.936158965,Black,0.999993563,Black
Jeff,Brigham,B_NL,W_NL,0.49427181,0.914079571,White,0.997157216,White
Jeff,Hoffman,A,W_NL,0.900148995,0.939250453,White,0.828422427,White
Jeimer,Candelario,A,HL,0.947889766,0.979820376,Latino_Hispanic,0.348612338,Latino_Hispanic
Jerad,Eickhoff,A,W_NL,0.942153312,0.975110765,White,0.840180039,White
Jeremiah,Estrada,A,HL,0.942423102,0.977182355,Latino_Hispanic,0.882013857,Latino_Hispanic
Jeremy,Beasley,B_NL,W_NL,0.408338957,0.956142525,White,0.911210954,White
Jesse,Chavez,A,HL,0.966118311,0.983456321,Latino_Hispanic,0.490748823,Latino_Hispanic
Jesus,Cruz,A,HL,0.972734027,0.986888824,Southeast Asian,0.820266247,Latino_Hispanic
Jeter,Downs,B_NL,W_NL,0.535929791,0.886879737,Black,0.98055011,Black
Jeurys,Familia,A,HL,0.942303878,0.96746957,Black,0.496660292,Black
Jharel,Cotton,HL,B_NL,0.869387741,0.904753089,Black,0.999709308,Black
Jhoan,Duran,A,HL,0.85786286,0.977649146,Latino_Hispanic,0.931659997,Latino_Hispanic
Jhonathan,Diaz,A,HL,0.969426169,0.986888824,White,0.636103749,White
Ji,Hwan Bae,W_NL,A,0.972734027,0.986888824,Asian,0.945618451,Asian
Ji,Man Choi,B_NL,A,0.949554106,0.979947527,Asian,0.969873309,Asian
Jimmy,Herget,HL,W_NL,0.804540379,0.874520436,White,0.911939025,White
JJ,Bleday,B_NL,W_NL,0.412762456,0.712617064,White,0.769277453,White
Jo,Adell,W_NL,B_NL,0.670473118,0.905515305,Black,0.995271504,Black
Joan,Adon,HL,B_NL,0.5931131,0.758427882,Black,0.987905622,Black
Joe,Barlow,W_NL,B_NL,0.562271887,0.906523889,White,0.997881234,White
Joe,Dunand,W_NL,B_NL,0.474802497,0.757867402,Southeast Asian,0.661631048,White
Joe,Kelly,W_NL,B_NL,0.605690785,0.924642238,White,0.963779747,White
Joey,Bart,B_NL,W_NL,0.677392789,0.89374015,White,0.995437443,White
Joey,Gallo,W_NL,HL,0.719095967,0.895548392,White,0.938951135,White
Johan,Camargo,A,HL,0.942550937,0.971997826,Latino_Hispanic,0.828019381,Latino_Hispanic
John,Brebbia,HL,W_NL,0.669198384,0.844972872,White,0.999987602,White
Johnny,Cueto,A,HL,0.946644003,0.983456321,Black,0.999703109,Black
Jon,Berti,HL,W_NL,0.898433158,0.927394255,White,0.91345787,White
Jon,Gray,B_NL,W_NL,0.433311028,0.93150871,White,0.999872804,White
Jonah,Bride,W_NL,B_NL,0.585602418,0.923130787,White,0.969596684,White
Jonah,Heim,A,W_NL,0.852486548,0.946847906,White,0.993911266,White
Jonathan,Aranda,A,HL,0.942299242,0.977377119,Latino_Hispanic,0.543595254,Latino_Hispanic
Jonathan,Davis,W_NL,B_NL,0.598960673,0.9157134,Black,0.999984384,Black
Jonathan,Heasley,B_NL,W_NL,0.767192002,0.913656305,White,0.998986423,White
Jonathan,India,W_NL,A,0.598959797,0.75779672,White,0.766028941,White
Jordan,Diaz,A,HL,0.969426169,0.986888824,Latino_Hispanic,0.714109242,Latino_Hispanic
Jordan,Groshans,B_NL,W_NL,0.886699942,0.915647231,White,0.994538844,White
Jordan,Hicks,W_NL,B_NL,0.473989698,0.936964837,Latino_Hispanic,0.883032858,Black
Jordan,Holloway,W_NL,B_NL,0.440710146,0.939062928,White,0.971519887,White
Jorge,Alcala,A,HL,0.972734027,0.986888824,Black,0.864642382,Black
Jorge,Alfaro,W_NL,HL,0.972734027,0.986888824,Latino_Hispanic,0.90783155,Latino_Hispanic
Jose,Altuve,W_NL,HL,0.946185562,0.976759023,White,0.366253883,White
Jose,Alvarez,A,HL,0.972734027,0.986888824,White,0.657880366,White
Jose,Barrero,A,HL,0.972734027,0.986888824,Black,0.992979109,Black
Jose,Cuas,A,HL,0.948811631,0.980023818,Black,0.975730956,Black
Jose,Herrera,A,HL,0.972734027,0.986888824,Latino_Hispanic,0.826951325,Latino_Hispanic
Josh,Bell,W_NL,B_NL,0.472744807,0.889018582,Black,0.999639511,Black
Josh,Donaldson,B_NL,W_NL,0.417047163,0.838127606,White,0.98980242,White
Josh,Fleming,W_NL,B_NL,0.454074763,0.756737557,White,0.988319516,White
Josh,Hader,A,W_NL,0.830272597,0.904412078,White,0.924925268,White
Josh,Harrison,W_NL,B_NL,0.46455348,0.884814354,Black,0.999717534,Black
Josh,Jung,W_NL,A,0.945553486,0.979972957,White,0.973399937,White
Josiah,Gray,W_NL,B_NL,0.761632796,0.951543613,Black,0.999579012,Black
JT,Brubaker,B_NL,W_NL,0.676497476,0.842653441,White,0.998779118,White
JT,Chargois,A,B_NL,0.80221577,0.869195202,Middle Eastern,0.405021161,White
Justin,Bruihl,B_NL,W_NL,0.812584843,0.866176454,White,0.997157693,White
Justin,Dunn,B_NL,W_NL,0.4874086,0.914127903,Black,0.999459445,Black
Justin,Grimm,B_NL,W_NL,0.897843319,0.923742886,White,0.991859138,White
Ke'Bryan,Hayes,W_NL,B_NL,0.778583786,0.931280786,Black,0.999145508,Black
Keegan,Akin,B_NL,W_NL,0.83911051,0.906326845,White,0.964995027,White
Ken,Giles,W_NL,B_NL,0.552118623,0.89630253,White,0.966287553,White
Kendall,Graveman,B_NL,W_NL,0.658017866,0.934098623,Middle Eastern,0.787220776,White
Kenley,Jansen,A,W_NL,0.872775076,0.921340825,Black,0.967419982,Black
Kerry,Carpenter,B_NL,W_NL,0.6440558,0.953063911,White,0.993162513,White
Kervin,Castro,A,HL,0.943199086,0.977552569,Latino_Hispanic,0.760536432,Latino_Hispanic
Keston,Hiura,B_NL,A,0.856096187,0.934288295,East Asian,0.880422831,East Asian
Kevin,Gausman,B_NL,W_NL,0.813758149,0.88399658,White,0.998682082,White
Kevin,Ginkel,A,W_NL,0.868228615,0.907088374,White,0.9886325,White
Kevin,Herget,HL,W_NL,0.800992871,0.892323589,White,0.994905114,White
Kody,Clemens,B_NL,W_NL,0.74751122,0.938417615,White,0.995232522,White
Kohei,Arihara,B_NL,A,0.92868773,0.948407631,East Asian,0.981061876,East Asian
Kolby,Allard,B_NL,W_NL,0.691250054,0.953395909,White,0.998057187,White
Kole,Calhoun,W_NL,B_NL,0.804003376,0.946313612,White,0.994626224,White
Kris,Bryant,W_NL,B_NL,0.412976752,0.943642395,White,0.894036233,White
Kris,Bubic,A,W_NL,0.945605245,0.977623392,White,0.998443067,White
Kutter,Crawford,W_NL,B_NL,0.503171496,0.923927899,White,0.830033064,White
Kyle,Barraclough,B_NL,W_NL,0.828308108,0.914488225,White,0.375821322,White
Kyle,Bradish,B_NL,W_NL,0.889012043,0.931799499,White,0.999457419,White
Kyle,Crick,B_NL,W_NL,0.84165676,0.921165065,White,0.999565423,White
Kyle,Dowdy,B_NL,W_NL,0.572326704,0.922905411,White,0.990695953,White
Kyle,Farmer,B_NL,W_NL,0.685031604,0.931269863,White,0.998014688,White
Kyle,Finnegan,B_NL,W_NL,0.910016228,0.93563247,White,0.883025587,White
Kyle,Freeland,B_NL,W_NL,0.686003283,0.941079736,White,0.994788289,White
Kyle,Garlick,B_NL,W_NL,0.821841643,0.927539431,White,0.999811828,White
Kyle,Gibson,B_NL,W_NL,0.486184388,0.935752747,White,0.960784197,White
Kyle,Hendricks,B_NL,W_NL,0.538409126,0.935285427,White,0.973327696,White
Kyle,Higashioka,W_NL,A,0.530300519,0.758337711,White,0.902724385,White
Kyle,Isbel,A,W_NL,0.832887642,0.909257749,White,0.879428208,White
Lewis,Brinson,W_NL,B_NL,0.701202552,0.965282923,Black,0.962315798,Black
Liam,Hendriks,B_NL,W_NL,0.934311872,0.956427825,White,0.999576509,White
Logan,Allen,B_NL,W_NL,0.716052264,0.90769372,White,0.905914724,White
Logan,Gilbert,B_NL,W_NL,0.708435805,0.936898137,White,0.995211542,White
Logan,Gillaspie,B_NL,W_NL,0.747223417,0.926149575,White,0.999322176,White
Lorenzo,Cain,HL,B_NL,0.567782067,0.757742342,Black,0.999402761,Black
Louis,Head,W_NL,B_NL,0.501529691,0.910887929,White,0.961757004,White
Lourdes,Gurriel Jr.,A,HL,0.905174076,0.958279901,Other,0.888798594,Other
Lucas,Gilbreath,B_NL,W_NL,0.588786496,0.887924101,White,0.984602571,White
Lucas,Giolito,W_NL,HL,0.660457018,0.912889483,White,0.848583817,White
Lucius,Fox,B_NL,W_NL,0.423984277,0.904431352,Black,0.999828458,Black
Luis,Arraez,A,HL,0.972734027,0.986888824,Latino_Hispanic,0.523176312,Latino_Hispanic
Luis,Barrera,A,HL,0.972734027,0.986888824,Latino_Hispanic,0.523002088,Latino_Hispanic
Luis,Campusano,A,HL,0.972734027,0.986888824,Latino_Hispanic,0.761733711,Latino_Hispanic
Luis,Castillo,A,HL,0.972734027,0.986888824,Latino_Hispanic,0.826577663,Latino_Hispanic
Luis,Cessa,B_NL,HL,0.949551614,0.979972957,Latino_Hispanic,0.85091722,Latino_Hispanic
Luis,Garcia,A,HL,0.972734027,0.986888824,Southeast Asian,0.465696573,Latino_Hispanic
Luis,Gil,A,HL,0.972734027,0.986888824,Latino_Hispanic,0.743639469,Latino_Hispanic
Luis,Guillorme,B_NL,HL,0.949471885,0.986888824,Latino_Hispanic,0.618478835,Latino_Hispanic
Luke,Bard,B_NL,W_NL,0.762461163,0.927437933,White,0.97995466,White
Luke,Barker,B_NL,W_NL,0.724257831,0.933561416,White,0.982509136,White
Luke,Farrell,B_NL,W_NL,0.784505781,0.927199766,White,0.842598677,White
MacKenzie,Gore,W_NL,B_NL,0.653557072,0.940498205,White,0.964793146,White
Madison,Bumgarner,B_NL,W_NL,0.87499964,0.923596855,White,0.980804622,White
Maikel,Franco,W_NL,HL,0.934590965,0.968575639,Black,0.999611199,Black
Maikel,Garcia,A,HL,0.949471885,0.979718655,Black,0.998122752,Black
Marco,Gonzales,W_NL,HL,0.972734027,0.986888824,Latino_Hispanic,0.833645701,Latino_Hispanic
Mario,Feliciano,A,HL,0.972734027,0.986888824,Latino_Hispanic,0.856801033,Latino_Hispanic
Mark,Appel,A,W_NL,0.931215092,0.947384965,White,0.955924809,White
Mark,Canha,A,W_NL,0.457097186,0.755852596,White,0.999796212,White
Mark,Contreras,W_NL,HL,0.933724954,0.968912265,Middle Eastern,0.508437872,Latino_Hispanic
Marwin,Gonzalez,A,HL,0.972734027,0.986888824,Latino_Hispanic,0.811595738,Latino_Hispanic
Matt,Barnes,B_NL,W_NL,0.522590219,0.938564775,White,0.916262507,White
Matt,Beaty,B_NL,W_NL,0.750987805,0.936921046,White,0.99922657,White
Matt,Brash,B_NL,W_NL,0.778742089,0.949499449,White,0.995808244,White
Matt,Bush,B_NL,W_NL,0.659247401,0.935346945,Latino_Hispanic,0.670407832,White
Matt,Carpenter,B_NL,W_NL,0.804986933,0.94359041,White,0.472840697,White
Matt,Chapman,B_NL,W_NL,0.73459449,0.887303453,White,0.790784359,White
Matt,Davidson,B_NL,W_NL,0.620230531,0.935072252,White,0.999594867,White
Matt,Dermody,B_NL,W_NL,0.910094481,0.929450334,White,0.97671175,White
Matt,Duffy,B_NL,W_NL,0.860887356,0.943715805,White,0.999127328,White
Matt,Festa,HL,W_NL,0.831273124,0.886038873,White,0.9926669,White
Matt,Foster,B_NL,W_NL,0.608050664,0.948829308,White,0.997085273,White
Matt,Gage,B_NL,W_NL,0.70455278,0.916321941,White,0.999360859,White
Matthew,Batten,B_NL,W_NL,0.76120152,0.917123667,White,0.999909282,White
Matthew,Boyd,B_NL,W_NL,0.541942623,0.947390753,White,0.998512089,White
Max,Castillo,A,HL,0.946364952,0.976866868,Latino_Hispanic,0.948334098,Latino_Hispanic
Max,Fried,HL,W_NL,0.891649654,0.921523771,White,0.99987793,White
Michael,Brantley,B_NL,W_NL,0.580904753,0.934688986,Latino_Hispanic,0.818933904,Latino_Hispanic
Michael,Chavis,W_NL,B_NL,0.527168112,0.790456742,White,0.896744847,White
Michael,Feliz,W_NL,HL,0.956194737,0.983456321,Black,0.810604095,Black
Michael,Fulmer,B_NL,W_NL,0.880477804,0.934911241,White,0.960879743,White
Michael,Grove,B_NL,W_NL,0.677082511,0.902492685,White,0.993587613,White
Michael,Harris II,W_NL,B_NL,0.517845345,0.939921078,Black,0.999961734,Black
Michael,Hermosillo,W_NL,HL,0.941106625,0.970131386,Latino_Hispanic,0.910875797,Latino_Hispanic
Michel,Baez,A,HL,0.972734027,0.986888824,Latino_Hispanic,0.868997455,Latino_Hispanic
Miguel,Andujar,A,HL,0.972734027,0.986888824,Black,0.984553337,Black
Miguel,Cabrera,A,HL,0.972734027,0.986888824,Latino_Hispanic,0.935584426,Latino_Hispanic
Miguel,Castro,A,HL,0.972734027,0.986888824,Black,0.999962687,Black
Mike,Baumann,A,W_NL,0.918338304,0.940042669,White,0.996582568,White
Mike,Brosseau,B_NL,W_NL,0.762998555,0.910201588,White,0.996333718,White
Mike,Clevinger,B_NL,W_NL,0.823190446,0.914943259,White,0.995166183,White
Mike,Ford,W_NL,B_NL,0.607723426,0.945474131,Middle Eastern,0.929802537,White
Mitch,Garver,B_NL,W_NL,0.805290488,0.907760233,White,0.995072186,White
Mitch,Haniger,A,W_NL,0.781449598,0.88591978,White,0.905882597,White
Mitch,Keller,B_NL,W_NL,0.824176649,0.914888478,East Asian,0.48306182,White
Monte,Harrison,W_NL,B_NL,0.806559604,0.968207425,Black,0.989783108,Black
Mookie,Betts,W_NL,B_NL,0.836135267,0.955572359,Black,0.636896253,Black
Mychal,Givens,W_NL,B_NL,0.806345792,0.948492081,Black,0.999009013,Black
Nabil,Crismatt,A,W_NL,0.835994564,0.916372867,Latino_Hispanic,0.589622855,Latino_Hispanic
Narciso,Crook,HL,B_NL,0.656506658,0.792544557,Black,0.977398634,Black
Nate,Eaton,B_NL,W_NL,0.475572568,0.933955337,White,0.991328955,White
Nate,Fisher,B_NL,W_NL,0.604556844,0.944417727,White,0.865333676,White
Nathan,Eovaldi,A,W_NL,0.752725307,0.886123161,White,0.508324444,White
Nelson,Cruz,A,HL,0.962810453,0.986888824,Middle Eastern,0.441949397,Latino_Hispanic
Nestor,Cortes,A,HL,0.972734027,0.986888824,Latino_Hispanic,0.936950028,Latino_Hispanic
Nick,Ahmed,W_NL,A,0.672882256,0.812939882,White,0.973975778,White
Nick,Allen,W_NL,B_NL,0.490624382,0.89548929,White,0.999777734,White
Nick,Castellanos,W_NL,HL,0.944320197,0.971059339,White,0.692128539,White
Nick,Duron,W_NL,HL,0.762414506,0.852397619,White,0.994339406,White
Nick,Fortes,B_NL,HL,0.483343792,0.757942686,White,0.581208229,White
Nick,Gordon,W_NL,B_NL,0.616196065,0.916632338,Black,0.999205887,Black
Nico,Hoerner,HL,W_NL,0.882685591,0.929513773,White,0.999474823,White
Niko,Goodrum,B_NL,W_NL,0.734266603,0.921802675,Black,0.946807802,Black
Noah,Davis,W_NL,B_NL,0.617911721,0.942163565,White,0.999775469,White
Nolan,Arenado,A,HL,0.874979511,0.929296442,Latino_Hispanic,0.473724335,Latino_Hispanic
Nolan,Gorman,B_NL,W_NL,0.761756296,0.88377061,White,0.991816223,White
Nolan,Jones,W_NL,B_NL,0.748578524,0.942956724,White,0.611718059,White
Oneil,Cruz,A,HL,0.942467505,0.986888824,Black,0.999545991,Black
Orlando,Arcia,A,HL,0.972734027,0.986888824,Latino_Hispanic,0.854293764,Latino_Hispanic
Oscar,Gonzalez,A,HL,0.972734027,0.986888824,Black,0.998443902,Black
Oswaldo,Cabrera,A,HL,0.972734027,0.986888824,Southeast Asian,0.737005115,Latino_Hispanic
Ozzie,Albies,W_NL,B_NL,0.542504889,0.74910016,Black,0.945272148,Black
P.J.,Higgins,B_NL,W_NL,0.39747592,0.907140384,White,0.989192307,White
Paolo,Espino,A,HL,0.948759309,0.986888824,Latino_Hispanic,0.72720933,Latino_Hispanic
Patrick,Corbin,W_NL,B_NL,0.493144673,0.928782118,White,0.912602246,White
Paul,Blackburn,B_NL,W_NL,0.688432714,0.935707406,White,0.985874951,White
Paul,DeJong,A,W_NL,0.524087321,0.8514189,White,0.688241005,White
Paul,Fry,B_NL,W_NL,0.790258843,0.890045627,White,0.99967885,White
Paul,Goldschmidt,HL,W_NL,0.920588113,0.937814681,White,0.941885352,White
Payton,Henry,W_NL,B_NL,0.670002542,0.940594628,White,0.908196807,White
Pedro,Avila,A,HL,0.972734027,0.986888824,Latino_Hispanic,0.663889766,Latino_Hispanic
Pete,Alonso,W_NL,HL,0.945251012,0.974650706,White,0.998284161,White
Pete,Fairbanks,B_NL,W_NL,0.48836543,0.919750514,White,0.999855757,White
Peyton,Burdick,B_NL,W_NL,0.794992741,0.934790533,White,0.998249292,White
Phil,Bickford,B_NL,W_NL,0.761315275,0.906399134,White,0.996402025,White
Phil,Gosselin,B_NL,W_NL,0.788153711,0.849243544,White,0.998399317,White
Phillip,Diehl,A,W_NL,0.899127286,0.960868259,White,0.999332845,White
Pierce,Johnson,W_NL,B_NL,0.813113101,0.973103485,White,0.999704778,White
R.J.,Alvarez,A,HL,0.948943682,0.980023818,Latino_Hispanic,0.582686007,Latino_Hispanic
Rafael,Devers,W_NL,HL,0.851864646,0.902487954,Black,0.828777969,Black
Raisel,Iglesias,W_NL,HL,0.945507493,0.977538082,Black,0.995895386,Black
Ralph,Garza Jr.,W_NL,HL,0.934416375,0.972002417,Other,0.675015748,Other
Randal,Grichuk,A,W_NL,0.902036524,0.955016662,White,0.891096532,White
Randy,Arozarena,A,HL,0.82831869,0.882635343,Black,0.998559535,Black
Raynel,Espinal,A,HL,0.938222071,0.979032038,Latino_Hispanic,0.888776898,Latino_Hispanic
Reed,Garrett,B_NL,W_NL,0.775120452,0.945522246,White,0.998202801,White
Reid,Detmers,HL,W_NL,0.91703031,0.9394072,White,0.999295712,White
Rhys,Hoskins,W_NL,B_NL,0.600782205,0.93921034,White,0.999031901,White
Rich,Hill,B_NL,W_NL,0.496703044,0.937466359,White,0.995733559,White
Richard,Bleier,B_NL,W_NL,0.93319722,0.955933959,White,0.443071038,White
Rico,Garcia,A,HL,0.949534174,0.986888824,Latino_Hispanic,0.80082351,Latino_Hispanic
Riley,Adams,W_NL,B_NL,0.528464331,0.948443998,White,0.963454664,White
Riley,Greene,W_NL,B_NL,0.449884303,0.963198721,Latino_Hispanic,0.773580194,White
Roansy,Contreras,A,HL,0.943707045,0.977578323,Black,0.99645716,Black
Rob,Brantly,B_NL,W_NL,0.756375644,0.953869318,White,0.985236406,White
Robbie,Erlin,B_NL,W_NL,0.812599438,0.885284089,White,0.99936825,White
Robbie,Grossman,B_NL,W_NL,0.852771042,0.943539347,White,0.999759138,White
Robert,Dugger,B_NL,W_NL,0.84471647,0.962899937,Latino_Hispanic,0.847222984,White
Robert,Gsellman,B_NL,W_NL,0.871906581,0.905495543,White,0.833724976,White
Robinson,Chirinos,A,HL,0.918572705,0.940000763,Latino_Hispanic,0.929463625,Latino_Hispanic
Rodolfo,Castro,A,HL,0.972734027,0.986888824,Black,0.998759985,Black
Ronel,Blanco,W_NL,HL,0.942376358,0.968926794,Black,0.655912817,Black
Ronnie,Dawson,W_NL,B_NL,0.79595055,0.962658756,Black,0.998721659,Black
Ronny,Henriquez,A,HL,0.949379699,0.979972957,Latino_Hispanic,0.811407149,Latino_Hispanic
Ross,Detwiler,B_NL,W_NL,0.882664428,0.942199576,White,0.997678339,White
Ryan,Aguilar,A,HL,0.918668245,0.961637334,Latino_Hispanic,0.701251566,Latino_Hispanic
Ryan,Borucki,A,W_NL,0.932249652,0.963266296,White,0.998877347,White
Ryan,Brasier,B_NL,W_NL,0.806488992,0.940766411,White,0.998354554,White
Ryan,Burr,B_NL,W_NL,0.781528337,0.933397289,White,0.999963284,White
Ryan,Castellani,A,W_NL,0.771233592,0.903652952,White,0.999556601,White
Ryan,Feltner,HL,W_NL,0.901767994,0.931470467,White,0.539408505,White
Ryan,Helsley,A,W_NL,0.905806626,0.926064543,White,0.733086765,White
Ryan,Hendrix,B_NL,W_NL,0.811146297,0.936304558,White,0.882460713,White
Ryan,Jeffers,B_NL,W_NL,0.548178323,0.925564953,White,0.999456823,White
Rylan,Bannon,B_NL,W_NL,0.762742706,0.898786366,White,0.999825299,White
Sam,Clay,W_NL,B_NL,0.520653922,0.87747205,White,0.999081254,White
Sam,Coonrod,A,W_NL,0.791285261,0.850256199,White,0.999697924,White
Sam,Haggerty,B_NL,W_NL,0.801697537,0.904174204,Latino_Hispanic,0.725663483,White
Sam,Hentges,B_NL,W_NL,0.870470871,0.905692412,White,0.951764762,White
Sam,Hilliard,B_NL,W_NL,0.438069117,0.927082275,White,0.991828322,White
Sam,Howard,B_NL,W_NL,0.406521407,0.903564404,White,0.964728653,White
Sam,Huff,B_NL,W_NL,0.794831265,0.884936311,White,0.992679715,White
Sandy,Alcantara,A,HL,0.874687542,0.963831752,Indian,0.890428364,Latino_Hispanic
Santiago,Espinal,A,HL,0.969426169,0.986888824,Latino_Hispanic,0.574207723,Latino_Hispanic
Scott,Alexander,B_NL,W_NL,0.86807845,0.970274728,White,0.513204873,White
Scott,Barlow,B_NL,W_NL,0.853727764,0.958261427,White,0.996327221,White
Scott,Effross,B_NL,W_NL,0.883893905,0.950656986,White,0.85341531,White
Sean,Bouchard,B_NL,W_NL,0.806267128,0.939439925,White,0.807386935,White
Sean,Doolittle,B_NL,W_NL,0.564480363,0.877311464,White,0.967109919,White
Sean,Hjelle,A,W_NL,0.93347227,0.969852485,White,0.999598563,White
Seth,Beer,A,W_NL,0.801256268,0.904083302,White,0.999602616,White
Seth,Brown,W_NL,B_NL,0.628226541,0.937918695,White,0.999655843,White
Shane,Baz,W_NL,A,0.589585062,0.844351465,White,0.993836462,White
Shane,Bieber,B_NL,W_NL,0.874683924,0.912417241,White,0.966241598,White
Shane,Greene,W_NL,B_NL,0.704456828,0.969346118,White,0.998589098,White
Shaun,Anderson,W_NL,B_NL,0.685435547,0.933635536,White,0.994623899,White
Shawn,Armstrong,W_NL,B_NL,0.67403625,0.842170442,White,0.995656013,White
Silvino,Bracho,A,HL,0.944485124,0.976871697,Latino_Hispanic,0.792946756,Latino_Hispanic
Skye,Bolt,B_NL,W_NL,0.637681023,0.878816434,White,0.998081803,White
Sonny,Gray,W_NL,B_NL,0.625622669,0.758181271,White,0.9978351,White
Spencer,Howard,W_NL,B_NL,0.497973344,0.961127373,White,0.993534327,White
Steve,Cishek,B_NL,W_NL,0.646830396,0.757898724,Indian,0.753156483,Indian
Steven,Brault,B_NL,W_NL,0.920362429,0.951917233,White,0.833322883,White
Steven,Duggar,A,W_NL,0.757072066,0.887737326,White,0.978578269,White
Stone,Garrett,W_NL,B_NL,0.584184441,0.94164328,Black,0.98470819,Black
Stuart,Fairchild,B_NL,W_NL,0.917775428,0.96427927,Southeast Asian,0.806607783,Southeast Asian
Tanner,Banks,W_NL,B_NL,0.749651393,0.960260541,White,0.964475453,White
Tanner,Houck,B_NL,W_NL,0.892836025,0.938693539,White,0.994479418,White
Taylor,Clarke,W_NL,B_NL,0.465996448,0.942094509,White,0.999068201,White
Taylor,Hearn,B_NL,W_NL,0.627972519,0.916375196,Black,0.997535706,Black
Taylor,Jones,W_NL,B_NL,0.625919029,0.947741564,Latino_Hispanic,0.865056276,Latino_Hispanic
Terrance,Gore,W_NL,B_NL,0.837333166,0.964074439,Black,0.997390449,Black
Thairo,Estrada,A,HL,0.943206832,0.986888824,Southeast Asian,0.621608734,Latino_Hispanic
Thomas,Hatch,B_NL,W_NL,0.802335832,0.952985919,Latino_Hispanic,0.665825367,White
Tim,Anderson,B_NL,W_NL,0.49022459,0.91221461,Black,0.999316573,Black
Tim,Beckham,B_NL,W_NL,0.619805341,0.846743343,Black,0.989441037,Black
Tim,Hill,W_NL,B_NL,0.440236906,0.908766925,White,0.998377323,White
TJ,Friedl,A,W_NL,0.901290545,0.955429121,White,0.990832388,White
Tommy,Edman,B_NL,W_NL,0.745211489,0.928074456,Latino_Hispanic,0.447873801,White
Tommy,Henry,W_NL,B_NL,0.711503797,0.943957263,White,0.998776019,White
Tommy,Hunter,W_NL,B_NL,0.555697596,0.936813706,White,0.998451233,White
Tommy,Kahnle,B_NL,W_NL,0.415969382,0.741283638,White,0.926401675,White
Tony,Gonsolin,A,B_NL,0.53731706,0.741555289,White,0.824270368,White
Travis,Blankenhorn,B_NL,W_NL,0.762277412,0.916995059,White,0.999300838,White
Travis,Demeritte,W_NL,B_NL,0.793116536,0.957326446,Black,0.999920845,Black
Travis,d'Arnaud,B_NL,W_NL,0.619305482,0.904000287,White,0.606150746,White
Travis,Jankowski,A,W_NL,0.94049123,0.969748903,White,0.997012377,White
Trent,Grisham,B_NL,W_NL,0.472759864,0.908047467,Latino_Hispanic,0.963401973,White
Tres,Barrera,B_NL,HL,0.919779168,0.952060035,White,0.616898656,White
Trevor,Gott,B_NL,W_NL,0.615809381,0.93563664,White,0.995773613,White
Trevor,Kelley,W_NL,B_NL,0.436829775,0.957248291,White,0.979366839,White
Triston,Casas,A,HL,0.931580892,0.956621841,White,0.667294681,Latino_Hispanic
Tucker,Barnhart,B_NL,W_NL,0.856773125,0.945462764,White,0.989914894,White
Tucker,Davidson,B_NL,W_NL,0.62599188,0.939885231,White,0.948217571,White
Ty,Blach,B_NL,W_NL,0.75805361,0.85384946,White,0.994400561,White
Ty,France,W_NL,B_NL,0.759908309,0.936529822,White,0.997811735,White
Tyler,Alexander,B_NL,W_NL,0.663257758,0.955801781,White,0.99932611,White
Tyler,Anderson,B_NL,W_NL,0.545941592,0.948056678,White,0.956893086,White
Tyler,Beede,B_NL,W_NL,0.78525229,0.934087241,White,0.960678935,White
Tyler,Clippard,B_NL,W_NL,0.790256142,0.946095963,White,0.999620318,White
Tyler,Cyr,B_NL,W_NL,0.873404101,0.90641222,Latino_Hispanic,0.674543023,White
Tyler,Danish,A,W_NL,0.746666968,0.835899098,White,0.991635442,White
Tyler,Duffey,B_NL,W_NL,0.810022777,0.960571859,White,0.998736203,White
Tyler,Freeman,B_NL,W_NL,0.566292322,0.948570435,Latino_Hispanic,0.664060771,Latino_Hispanic
Tyler,Gilbert,B_NL,W_NL,0.595248584,0.947163227,White,0.992768764,White
Tyler,Glasnow,B_NL,W_NL,0.696575111,0.914782512,White,0.836444974,White
Tyler,Heineman,A,W_NL,0.929567764,0.951969888,White,0.993869901,White
Tyler,Holton,B_NL,W_NL,0.563119712,0.948314852,White,0.975174963,White
Vaughn,Grissom,W_NL,B_NL,0.647546667,0.957671191,Latino_Hispanic,0.837510586,Latino_Hispanic
Victor,Caratini,W_NL,HL,0.811019583,0.905012749,White,0.981744945,White
Vinny,Capra,W_NL,A,0.622247291,0.756663673,White,0.938620508,White
Vladimir,Guerrero Jr.,W_NL,HL,0.932297058,0.983456321,Black,0.999309659,Black
Vladimir,Gutierrez,W_NL,HL,0.944077913,0.986888824,Black,0.931726158,Black
Walker,Buehler,HL,W_NL,0.942171039,0.96400967,White,0.957604885,White
Wander,Franco,W_NL,HL,0.933636911,0.953788002,Southeast Asian,0.805417001,Latino_Hispanic
Wil,Crowe,B_NL,W_NL,0.471508557,0.932338782,White,0.999019504,White
Will,Benson,W_NL,B_NL,0.579115978,0.955089913,Black,0.999417186,Black
Will,Brennan,B_NL,W_NL,0.781420689,0.934027017,Latino_Hispanic,0.636903822,White
Willi,Castro,A,HL,0.941973158,0.966128512,Indian,0.500214994,Latino_Hispanic
William,Contreras,W_NL,HL,0.934623594,0.973140484,Southeast Asian,0.357500643,Latino_Hispanic
Willians,Astudillo,W_NL,HL,0.93626099,0.962873077,Latino_Hispanic,0.852413654,Latino_Hispanic
Willie,Calhoun,W_NL,B_NL,0.897801648,0.972066153,Black,0.412418455,Latino_Hispanic
Willson,Contreras,W_NL,HL,0.945607378,0.976390418,Latino_Hispanic,0.658074737,Latino_Hispanic
Willy,Adames,B_NL,HL,0.7767581,0.85317247,Latino_Hispanic,0.824270546,Latino_Hispanic
Wilmer,Difo,B_NL,HL,0.862422592,0.946564776,Indian,0.532384455,Latino_Hispanic
Wilmer,Flores,W_NL,HL,0.949352292,0.979108329,Southeast Asian,0.337777644,Latino_Hispanic
Wynton,Bernard,W_NL,B_NL,0.711512189,0.953055694,Black,0.999144554,Black
Xander,Bogaerts,B_NL,W_NL,0.796556308,0.91377246,Latino_Hispanic,0.618800461,Latino_Hispanic
Xzavion,Curry,W_NL,B_NL,0.937914052,0.963608582,Black,0.999559343,Black
Yadiel,Hernandez,A,HL,0.972734027,0.986888824,Latino_Hispanic,0.547124684,Latino_Hispanic
Yainer,Diaz,A,HL,0.972734027,0.986888824,Latino_Hispanic,0.843820333,Latino_Hispanic
Yan,Gomes,HL,A,0.743274307,0.905594618,White,0.672818542,White
Yasmani,Grandal,A,HL,0.699478684,0.866031038,White,0.788414299,White
Yency,Almonte,A,HL,0.942446291,0.979362631,Black,0.980699122,Black
Yennier,Cano,A,HL,0.945477677,0.986888824,Black,0.96552217,Black
Yerry,De Los Santos,W_NL,A,0.640452444,0.757510631,Black,0.980476081,Black
Yonathan,Daza,A,HL,0.858859269,0.965712495,Latino_Hispanic,0.734215438,Latino_Hispanic
Yonny,Chirinos,A,HL,0.880336142,0.963573255,Latino_Hispanic,0.634069562,Latino_Hispanic
Yordan,Alvarez,W_NL,HL,0.972734027,0.986888824,Black,0.999720156,Black
Yu,Chang,B_NL,A,0.972734027,0.986888824,Southeast Asian,0.860093653,East Asian
Yu,Darvish,W_NL,A,0.936242377,0.974415746,East Asian,0.79132092,East Asian
Yuli,Gurriel,HL,A,0.535259565,0.750504316,Latino_Hispanic,0.813394487,Latino_Hispanic
Zac,Gallen,HL,W_NL,0.497405423,0.750724999,White,0.975037336,White
Zach,Davies,B_NL,W_NL,0.676506958,0.922635274,White,0.906118512,White
Zach,Eflin,A,W_NL,0.608057808,0.819519335,Latino_Hispanic,0.483692527,White
Zach,Jackson,W_NL,B_NL,0.713106485,0.935925622,White,0.998589933,White
Zack,Britton,W_NL,B_NL,0.483260683,0.938973849,White,0.966396451,White
Zack,Collins,W_NL,B_NL,0.518060806,0.945578845,White,0.999828696,White
Zack,Greinke,B_NL,W_NL,0.861067904,0.93785639,White,0.996964872,White
