First Name,Last Name,Clarafai-Prediction,Clarafai-Confidence,Namsor-raceEthnicity,Namsor-probabilityCalibrated,Winner,NC-prediction,Ground_Truth
A.J.,Alexy,White,0.999921441,W_NL,0.810915867,Clarafai,White,White
Aaron,Ashby,White,0.427769959,B_NL,0.48077231,Namsor,B_NL,White
Aaron,Brooks,White,0.993323267,B_NL,0.749942167,Clarafai,White,White
Aaron,Bummer,White,0.981532216,W_NL,0.71115358,Clarafai,White,White
Aaron,Civale,White,0.441868961,W_NL,0.693930401,Namsor,W_NL,White
Aaron,Fletcher,Asian,0.474433243,B_NL,0.449534478,Clarafai,Asian,Black
Aaron,Hicks,Asian,0.831452131,B_NL,0.715251668,Clarafai,Asian,Black
Aaron,Judge,Other,0.549028635,B_NL,0.569811624,Namsor,B_NL,White
Abraham,Almonte,Black,0.999563277,HL,0.933405389,Clarafai,Black,Black
Adam,Cimber,White,0.998336494,W_NL,0.897749019,Clarafai,White,White
Adam,Duvall,White,0.797202826,W_NL,0.755365166,Clarafai,White,White
Adam,Engel,White,0.998638451,W_NL,0.901481316,Clarafai,White,White
Adam,Frazier,White,0.934062004,W_NL,0.657375358,Clarafai,White,White
Adam,Haseley,White,0.716467142,W_NL,0.906320674,Namsor,W_NL,White
Adbert,Alzolay,Other,0.418968707,W_NL,0.54166597,Namsor,W_NL,Other
Adrian,Houser,White,0.998960257,W_NL,0.738077307,Clarafai,White,White
Akil,Baddoo,Black,0.999940991,B_NL,0.762488449,Clarafai,Black,Black
Albert,Abreu,Black,0.599532723,HL,0.919576135,Namsor,HL,Other
Alcides,Escobar,Black,0.994953096,HL,0.972734027,Clarafai,Black,Black
Alec,Bohm,White,0.97696197,W_NL,0.845863364,Clarafai,White,White
Alec,Burleson,White,0.993789136,W_NL,0.762114623,Clarafai,White,White
Alex,Bregman,White,0.999350369,W_NL,0.760369623,Clarafai,White,White
Alex,Call,White,0.686063826,W_NL,0.414052563,Clarafai,White,White
Alex,Claudio,White,0.718147218,HL,0.942420546,Namsor,HL,White
Alex,Cobb,White,0.99909687,B_NL,0.667012214,Clarafai,White,White
Alex,Dickerson,White,0.930786669,B_NL,0.673134394,Clarafai,White,White
Alex,Faedo,Other,0.883821309,HL,0.894525513,Namsor,HL,Other
Alex,Jackson,Other,0.752369583,B_NL,0.892758734,Namsor,B_NL,White
Amir,Garrett,Asian,0.564334154,W_NL,0.78990905,Namsor,W_NL,Black
Anderson,Espinoza,Asian,0.795117617,HL,0.949113106,Namsor,HL,Black
Andre,Jackson,Black,0.786687553,B_NL,0.928409272,Namsor,B_NL,Black
Andrew,Bellatti,White,0.995076478,W_NL,0.740896554,Clarafai,White,White
Andrew,Benintendi,White,0.987392843,W_NL,0.871535122,Clarafai,White,White
Andrew,Chafin,White,0.996273398,W_NL,0.860057589,Clarafai,White,White
Andrew,Heaney,White,0.974005997,W_NL,0.871421962,Clarafai,White,White
Anthony,Alford,Black,0.999959469,B_NL,0.722086588,Clarafai,Black,Black
Anthony,Banda,Other,0.78943181,HL,0.544383217,Clarafai,Other,Other
Anthony,Bass,White,0.934595764,B_NL,0.748141927,Clarafai,White,White
Anthony,Bemboom,White,0.98356837,W_NL,0.594945871,Clarafai,White,White
Anthony,Bender,White,0.988640785,W_NL,0.422422527,Clarafai,White,White
Anthony,Castro,Black,0.974515617,HL,0.9490558,Clarafai,Black,Black
Anthony,DeSclafani,White,0.999902725,B_NL,0.494107137,Clarafai,White,White
Anthony,Gose,Other,0.801845908,B_NL,0.553367972,Clarafai,Other,Other
Anthony,Kay,White,0.928307116,B_NL,0.662359702,Clarafai,White,White
Aramis,Garcia,White,0.781775832,HL,0.949516733,Namsor,HL,Other
Archie,Bradley,White,0.997353554,B_NL,0.765038476,Clarafai,White,White
Aristides,Aquino,Black,0.999923348,HL,0.919680105,Clarafai,Black,Black
Aroldis,Chapman,Black,0.996048748,W_NL,0.537604755,Clarafai,Black,Black
Ashton,Goudeau,White,0.999371946,B_NL,0.627126522,Clarafai,White,White
Austin,Adams,White,0.840200067,B_NL,0.58806998,Clarafai,White,White
Austin,Allen,White,0.994502068,W_NL,0.483132124,Clarafai,White,White
Austin,Barnes,Other,0.67604053,B_NL,0.528461907,Clarafai,Other,White
Austin,Brice,White,0.999882817,B_NL,0.526935236,Clarafai,White,White
Austin,Davis,White,0.51112932,B_NL,0.604066694,Namsor,B_NL,White
Austin,Dean,White,0.765792429,W_NL,0.626575964,Clarafai,White,White
Austin,Gomber,White,0.960232675,W_NL,0.775589362,Clarafai,White,White
Austin,Hays,White,0.766339004,W_NL,0.801263741,Namsor,W_NL,White
Austin,Hedges,Other,0.431967884,W_NL,0.625926257,Namsor,W_NL,White
Bailey,Falter,White,0.998906136,W_NL,0.90539634,Clarafai,White,White
Beau,Brieske,White,0.975855589,W_NL,0.788972359,Clarafai,White,White
Ben,DeLuzio,Asian,0.630957484,W_NL,0.582310269,Clarafai,Asian,White
Ben,Gamel,White,0.999831676,W_NL,0.724500168,Clarafai,White,White
Billy,Hamilton,Black,0.754854143,B_NL,0.485783972,Clarafai,Black,Black
Bo,Bichette,Asian,0.749836743,A,0.602755663,Clarafai,Asian,Other
Bobby,Bradley,Black,0.966828704,B_NL,0.601683929,Clarafai,Black,Black
Bobby,Dalbec,Other,0.669650793,W_NL,0.877479632,Namsor,W_NL,White
Bowden,Francis,White,0.9812029,B_NL,0.645009512,Clarafai,White,White
Brad,Boxberger,White,0.999787629,W_NL,0.940261752,Clarafai,White,White
Brad,Hand,Other,0.605504394,W_NL,0.84927071,Namsor,W_NL,White
Brad,Keller,White,0.997013927,W_NL,0.899579209,Clarafai,White,White
Brandon,Belt,Other,0.539736986,W_NL,0.759786683,Namsor,W_NL,White
Brandon,Bielak,White,0.991646588,W_NL,0.941287386,Clarafai,White,White
Brandon,Crawford,White,0.870528162,B_NL,0.52767863,Clarafai,White,White
Brandon,Dixon,White,0.999674916,B_NL,0.772928303,Clarafai,White,White
Brandon,Drury,White,0.987866521,W_NL,0.871625681,Clarafai,White,White
Brandon,Hughes,White,0.999530673,B_NL,0.453475442,Clarafai,White,White
Braxton,Garrett,White,0.998968005,B_NL,0.619760563,Clarafai,White,White
Brayan,Bello,Black,0.989848971,HL,0.699502321,Clarafai,Black,Black
Brendan,Donovan,White,0.998533726,W_NL,0.85874015,Clarafai,White,White
Brendon,Davis,Black,0.999883771,B_NL,0.780155924,Clarafai,Black,Black
Brennan,Bernardino,Other,0.873039901,HL,0.824313821,Clarafai,Other,Other
Brett,Baty,White,0.998890936,W_NL,0.763891089,Clarafai,White,White
Brewer,Hicklen,White,0.999909878,B_NL,0.668779585,Clarafai,White,White
Brian,Anderson,White,0.940825284,W_NL,0.462540557,Clarafai,White,White
Brock,Burke,White,0.845340192,W_NL,0.483714117,Clarafai,White,White
Brusdar,Graterol,Other,0.784702659,W_NL,0.541194589,Clarafai,Other,Other
Bryan,Abreu,Other,0.697408557,HL,0.92145636,Namsor,HL,Other
Bryan,Baker,White,0.948048294,W_NL,0.573992773,Clarafai,White,White
Bryan,Garcia,White,0.998942673,HL,0.945573651,Clarafai,White,Other
Bryan,Hoeing,White,0.976170421,W_NL,0.740703398,Clarafai,White,White
Bryce,Elder,White,0.998814583,W_NL,0.522173838,Clarafai,White,White
Bryce,Harper,White,0.998350263,B_NL,0.533332828,Clarafai,White,White
Bryce,Johnson,White,0.999806941,B_NL,0.756209713,Clarafai,White,White
Buck,Farmer,White,0.921159506,W_NL,0.57438874,Clarafai,White,White
Byron,Buxton,Black,0.931020379,B_NL,0.69053129,Clarafai,Black,Black
C.J.,Cron,White,0.967979491,W_NL,0.678631734,Clarafai,White,White
Cade,Cavalli,White,0.986541271,W_NL,0.883314339,Clarafai,White,White
Caleb,Ferguson,White,0.917496383,W_NL,0.485183397,Clarafai,White,White
Caleb,Hamilton,White,0.983434975,W_NL,0.445626966,Clarafai,White,White
Calvin,Faucher,White,0.996011615,B_NL,0.497696103,Clarafai,White,White
Cam,Alldred,White,0.98919338,A,0.803757461,Clarafai,White,White
Cam,Gallagher,White,0.828344166,A,0.621740757,Clarafai,White,White
Camilo,Doval,Black,0.955411553,HL,0.944575155,Clarafai,Black,Black
Carlos,Carrasco,Other,0.928651333,HL,0.972734027,Namsor,HL,Other
Carlos,Correa,Other,0.773860812,HL,0.972734027,Namsor,HL,Other
Carson,Kelly,White,0.818364024,B_NL,0.442290474,Clarafai,White,White
Cavan,Biggio,Other,0.638052642,W_NL,0.842859559,Namsor,W_NL,White
Chad,Green,White,0.998570085,W_NL,0.498754734,Clarafai,White,White
Charlie,Blackmon,White,0.741630495,B_NL,0.868855406,Namsor,B_NL,White
Charlie,Culberson,White,0.938371658,B_NL,0.782522894,Clarafai,White,White
Chase,Anderson,White,0.999561608,B_NL,0.571976861,Clarafai,White,White
Chris,Archer,Other,0.688426375,W_NL,0.576767354,Clarafai,Other,Other
Chris,Bassitt,White,0.997679532,W_NL,0.714801966,Clarafai,White,White
Chris,Devenski,White,0.999844074,W_NL,0.871761649,Clarafai,White,White
Chris,Ellis,White,0.998369396,W_NL,0.412290727,Clarafai,White,White
Chris,Flexen,White,0.9210006,W_NL,0.58573443,Clarafai,White,White
Christian,Arroyo,White,0.992612183,HL,0.949347309,Clarafai,White,White
Christian,Bethancourt,Other,0.563535333,W_NL,0.415011413,Clarafai,Other,Black
CJ,Abrams,Black,0.988909423,B_NL,0.664165272,Clarafai,Black,Black
Clay,Holmes,White,0.959306777,B_NL,0.5920472,Clarafai,White,White
Clint,Frazier,White,0.999928832,B_NL,0.518532209,Clarafai,White,White
Cody,Bellinger,White,0.985266149,W_NL,0.836863327,Clarafai,White,White
Cole,Irvin,White,0.997878075,B_NL,0.62057689,Clarafai,White,White
Colin,Holderman,White,0.995235026,W_NL,0.840600845,Clarafai,White,White
Conner,Capel,White,0.999309182,W_NL,0.61083248,Clarafai,White,White
Connor,Brogdon,White,0.877920628,W_NL,0.614908914,Clarafai,White,White
Connor,Joe,Asian,0.539121687,A,0.415796111,Clarafai,Asian,Asian
Cooper,Criswell,White,0.990610301,W_NL,0.598627944,Clarafai,White,White
Cooper,Hummel,White,0.933305144,W_NL,0.901808213,Clarafai,White,White
Corbin,Burnes,White,0.982253253,B_NL,0.521787311,Clarafai,White,White
Corbin,Carroll,Other,0.460541368,W_NL,0.604130843,Namsor,W_NL,White
Corey,Dickerson,White,0.999337614,B_NL,0.750486847,Clarafai,White,White
Cory,Abbott,White,0.888899624,W_NL,0.710160554,Clarafai,White,White
Cristian,Javier,Black,0.999849081,HL,0.740790944,Clarafai,Black,Black
Curt,Casali,White,0.998991072,W_NL,0.920050301,Clarafai,White,White
Dairon,Blanco,Black,0.99766314,HL,0.944131932,Clarafai,Black,Black
Dakota,Hudson,White,0.682397008,B_NL,0.478587767,Clarafai,White,White
Dalton,Guthrie,Other,0.660456538,W_NL,0.441124839,Clarafai,Other,Other
Damon,Jones,White,0.999178588,B_NL,0.874415805,Clarafai,White,White
Dane,Dunning,Asian,0.743834019,B_NL,0.455398529,Clarafai,Asian,Asian
Daniel,Bard,White,0.977505744,W_NL,0.573017468,Clarafai,White,White
Daniel,Castano,White,0.870775163,HL,0.943173003,Namsor,HL,White
Daniel,Duarte,Other,0.916077197,HL,0.945184599,Namsor,HL,Other
Daniel,Hudson,White,0.858136773,B_NL,0.563300477,Clarafai,White,White
Danny,Coulombe,White,0.998925984,B_NL,0.607820556,Clarafai,White,White
Danny,Jansen,White,0.999685526,W_NL,0.860890041,Clarafai,White,White
Darick,Hall,Other,0.938154101,B_NL,0.642849918,Clarafai,Other,White
Daulton,Jefferies,White,0.984086215,B_NL,0.716091204,Clarafai,White,White
David,Bednar,White,0.983287096,W_NL,0.934851978,Clarafai,White,White
David,Bote,White,0.997873545,W_NL,0.557838977,Clarafai,White,White
David,Fletcher,White,0.755907774,W_NL,0.652758852,Clarafai,White,White
David,Hensley,White,0.987289727,W_NL,0.769005375,Clarafai,White,White
Daz,Cameron,Black,0.999028087,B_NL,0.499442647,Clarafai,Black,Black
Derek,Hill,Black,0.917595446,B_NL,0.520985728,Clarafai,Black,Black
Didi,Gregorius,Black,0.999706447,W_NL,0.536665051,Clarafai,Black,Black
Diego,Castillo,Black,0.990553439,HL,0.972734027,Clarafai,Black,Black
Diego,Castillo,Black,0.990553439,HL,0.972734027,Clarafai,Black,Black
DL,Hall,White,0.824561,W_NL,0.457171029,Clarafai,White,White
Domingo,Acevedo,Black,0.8149575,HL,0.972734027,Namsor,HL,Black
Drew,Carlton,White,0.999769628,W_NL,0.711226113,Clarafai,White,White
Drew,Ellis,White,0.969696522,W_NL,0.671995946,Clarafai,White,White
Drew,Hutchison,White,0.996776402,W_NL,0.808434096,Clarafai,White,White
Drew,Jackson,White,0.998908758,B_NL,0.698730881,Clarafai,White,White
Drey,Jameson,White,0.984719157,B_NL,0.539510382,Clarafai,White,White
Dustin,Garneau,White,0.973164856,W_NL,0.895570547,Clarafai,White,White
Dylan,Bundy,White,0.99964416,W_NL,0.615360068,Clarafai,White,White
Dylan,Carlson,Other,0.770889878,W_NL,0.910966904,Namsor,W_NL,White
Dylan,Cease,Other,0.663946569,W_NL,0.775355703,Namsor,W_NL,White
Dylan,Coleman,White,0.973086178,W_NL,0.586158682,Clarafai,White,White
Dylan,Floro,White,0.998412848,HL,0.538755783,Clarafai,White,White
Eddy,Alvarez,White,0.635978281,HL,0.972734027,Namsor,HL,Other
Eduard,Bazardo,Black,0.549865663,HL,0.657169053,Namsor,HL,Black
Eduardo,Escobar,Black,0.732672155,HL,0.972734027,Namsor,HL,Black
Edward,Cabrera,Black,0.981921554,HL,0.948480258,Clarafai,Black,Black
Ehire,Adrianza,Other,0.895671546,B_NL,0.780294822,Clarafai,Other,Other
Elier,Hernandez,Black,0.998438776,HL,0.972734027,Clarafai,Black,Black
Elvis,Andrus,Black,0.989993989,W_NL,0.496127334,Clarafai,Black,Black
Emmanuel,Clase,Other,0.514040768,B_NL,0.598875802,Namsor,B_NL,Black
Ender,Inciarte,White,0.985232592,HL,0.656478813,Clarafai,White,White
Eric,Haase,White,0.504152894,W_NL,0.851705829,Namsor,W_NL,White
Eric,Hosmer,Other,0.847713828,W_NL,0.819159316,Clarafai,Other,White
Erick,Fedde,White,0.999183357,W_NL,0.523287004,Clarafai,White,White
Ernie,Clement,White,0.790284693,B_NL,0.662716084,Clarafai,White,White
Estevan,Florial,Black,0.999738753,HL,0.677767101,Clarafai,Black,Black
Ezequiel,Duran,Black,0.60792315,HL,0.969426169,Namsor,HL,Black
Fernando,Cruz,Other,0.850960016,HL,0.972734027,Namsor,HL,Other
Foster,Griffin,White,0.939485133,B_NL,0.66497309,Clarafai,White,White
Franchy,Cordero,Black,0.788794339,HL,0.945602629,Namsor,HL,Black
Franklin,German,Other,0.656773806,W_NL,0.538816963,Clarafai,Other,White
Freddie,Freeman,White,0.998595536,B_NL,0.839681726,Clarafai,White,White
Freddy,Fermin,Asian,0.69516784,HL,0.941873925,Namsor,HL,White
Gabriel,Arias,Other,0.920736074,HL,0.972734027,Namsor,HL,Other
Garrett,Cleavinger,White,0.916857898,W_NL,0.89390827,Clarafai,White,White
Garrett,Cooper,White,0.998500586,W_NL,0.398786766,Clarafai,White,White
Garrett,Hampson,White,0.97600162,W_NL,0.606421751,Clarafai,White,White
Garrett,Hill,White,0.999321103,B_NL,0.46319775,Clarafai,White,White
Gavin,Hollowell,White,0.989484012,W_NL,0.411299262,Clarafai,White,White
Gerrit,Cole,White,0.998666883,W_NL,0.492425692,Clarafai,White,White
Gilberto,Celestino,Black,0.594000399,HL,0.969426169,Namsor,HL,Other
Giovanny,Gallegos,Other,0.652567565,HL,0.948991021,Namsor,HL,Other
Gosuke,Katoh,Asian,0.68966347,A,0.895450392,Namsor,A,Asian
Graham,Ashcraft,White,0.958613694,W_NL,0.842872047,Clarafai,White,White
Grayson,Greiner,White,0.999871254,W_NL,0.875632372,Clarafai,White,White
Greg,Allen,Black,0.999347866,W_NL,0.59239689,Clarafai,Black,Black
Greg,Holland,White,0.968810797,W_NL,0.629131341,Clarafai,White,White
Griffin,Jax,White,0.746245921,W_NL,0.748673299,Namsor,W_NL,White
Guillermo,Heredia,Black,0.999883533,HL,0.972734027,Clarafai,Black,Black
Gunnar,Henderson,White,0.999438941,W_NL,0.921414401,Clarafai,White,White
Hanser,Alberto,Black,0.998429239,HL,0.663694435,Clarafai,Black,Black
Harold,Castro,Other,0.528871417,HL,0.934561761,Namsor,HL,Other
Harrison,Bader,White,0.999917507,W_NL,0.771132507,Clarafai,White,White
Heath,Hembree,White,0.986480534,W_NL,0.822569875,Clarafai,White,White
Huascar,Brazoban,Black,0.99990046,HL,0.582959817,Clarafai,Black,Black
Humberto,Castellanos,Other,0.655276358,HL,0.972734027,Namsor,HL,Other
Hunter,Brown,White,0.993794203,W_NL,0.505817454,Clarafai,White,White
Hunter,Dozier,White,0.999604166,W_NL,0.584473502,Clarafai,White,White
Hunter,Gaddis,White,0.812701404,W_NL,0.806313016,Clarafai,White,White
Hunter,Greene,Black,0.999777496,W_NL,0.664640958,Clarafai,Black,Black
Hunter,Harvey,White,0.975676298,W_NL,0.676093784,Clarafai,White,White
Ian,Anderson,White,0.959012628,W_NL,0.48138528,Clarafai,White,White
Ian,Gibaut,White,0.932014763,W_NL,0.803811942,Clarafai,White,White
Ian,Hamilton,White,0.978026867,W_NL,0.4512993,Clarafai,White,White
Ian,Happ,White,0.99881953,W_NL,0.864628191,Clarafai,White,White
J.D.,Davis,White,0.996605396,B_NL,0.897490966,Clarafai,White,White
J.P.,Crawford,Other,0.60449326,B_NL,0.740007702,Namsor,B_NL,Black
J.P.,Feyereisen,Other,0.489712983,W_NL,0.840952171,Namsor,W_NL,White
Jack,Flaherty,Other,0.546232998,W_NL,0.898812201,Namsor,W_NL,White
Jacob,Barnes,Other,0.512468994,W_NL,0.427544027,Clarafai,Other,White
Jacob,deGrom,White,0.999140382,W_NL,0.664843205,Clarafai,White,White
Jake,Bird,White,0.947052896,W_NL,0.800025983,Clarafai,White,White
Jake,Brentz,White,0.961719275,W_NL,0.803303024,Clarafai,White,White
Jake,Burger,White,0.999127924,W_NL,0.832428952,Clarafai,White,White
Jake,Cave,White,0.998888791,W_NL,0.505010885,Clarafai,White,White
Jake,Cousins,White,0.914538383,B_NL,0.397197578,Clarafai,White,White
Jake,Cronenworth,White,0.999837279,W_NL,0.734646151,Clarafai,White,White
Jake,Diekman,White,0.998148799,W_NL,0.79317659,Clarafai,White,White
Jake,Fishman,White,0.976499021,W_NL,0.884295518,Clarafai,White,White
Jake,Fraley,White,0.999839187,W_NL,0.674040509,Clarafai,White,White
Jake,Hager,White,0.995110691,W_NL,0.921849764,Clarafai,White,White
Jakob,Junis,White,0.603836358,W_NL,0.826768755,Namsor,W_NL,White
Jalen,Beeks,White,0.833881259,B_NL,0.616338908,Clarafai,White,White
James,Kaprielian,White,0.971801579,W_NL,0.920542476,Clarafai,White,White
James,Karinchak,White,0.962789536,W_NL,0.829520879,Clarafai,White,White
Jandel,Gustave,Black,0.862603962,B_NL,0.724069622,Clarafai,Black,Black
Janson,Junk,White,0.9987638,W_NL,0.762850058,Clarafai,White,White
Jarred,Kelenic,White,0.998183429,W_NL,0.91671903,Clarafai,White,White
Jarren,Duran,White,0.98980999,HL,0.832216938,Clarafai,White,White
Jason,Adam,White,0.986364722,W_NL,0.530780342,Clarafai,White,White
Jason,Alexander,White,0.763471663,W_NL,0.552812753,Clarafai,White,White
Jason,Castro,White,0.727997839,HL,0.944342089,Namsor,HL,White
Jason,Delay,White,0.990790963,W_NL,0.509828758,Clarafai,White,White
Jason,Foley,White,0.994210839,W_NL,0.691190767,Clarafai,White,White
Jason,Heyward,Black,0.999093652,B_NL,0.713493569,Clarafai,Black,Black
Javier,Assad,Other,0.714484632,HL,0.60614126,Clarafai,Other,Other
Javy,Guerra,Other,0.842998326,HL,0.941669762,Namsor,HL,Other
Jay,Jackson,Black,0.946494639,B_NL,0.872624869,Clarafai,Black,Black
Jaylin,Davis,Black,0.997993588,B_NL,0.80565178,Clarafai,Black,Black
Jeff,Brigham,White,0.997157216,W_NL,0.49427181,Clarafai,White,White
Jeff,Hoffman,White,0.828422666,W_NL,0.900148995,Namsor,W_NL,White
Jeimer,Candelario,Other,0.348612338,HL,0.947889766,Namsor,HL,Other
Jerad,Eickhoff,White,0.840179861,W_NL,0.942153312,Namsor,W_NL,White
Jeremiah,Estrada,Other,0.882013857,HL,0.942423102,Namsor,HL,Other
Jeremy,Beasley,White,0.911210954,W_NL,0.408338957,Clarafai,White,White
Jesse,Chavez,Other,0.490748405,HL,0.966118311,Namsor,HL,Other
Jesus,Cruz,Asian,0.820266008,HL,0.972734027,Namsor,HL,Other
Jeter,Downs,Black,0.98055011,W_NL,0.535929791,Clarafai,Black,Black
Jeurys,Familia,Black,0.496660501,HL,0.942303878,Namsor,HL,Black
Jharel,Cotton,Black,0.999709308,B_NL,0.869387741,Clarafai,Black,Black
Jhoan,Duran,Other,0.931659997,HL,0.85786286,Clarafai,Other,Other
Jhonathan,Diaz,White,0.636103511,HL,0.969426169,Namsor,HL,White
Jimmy,Herget,White,0.911939025,W_NL,0.804540379,Clarafai,White,White
JJ,Bleday,White,0.769277453,W_NL,0.412762456,Clarafai,White,White
Jo,Adell,Black,0.995271504,B_NL,0.670473118,Clarafai,Black,Black
Joan,Adon,Black,0.987905622,B_NL,0.5931131,Clarafai,Black,Black
Joe,Barlow,White,0.997881234,B_NL,0.562271887,Clarafai,White,White
Joe,Dunand,Asian,0.661630988,B_NL,0.474802497,Clarafai,Asian,White
Joe,Kelly,White,0.963779747,B_NL,0.605690785,Clarafai,White,White
Joey,Bart,White,0.995437443,W_NL,0.677392789,Clarafai,White,White
Joey,Gallo,White,0.938951135,HL,0.719095967,Clarafai,White,White
Johan,Camargo,Other,0.828019202,HL,0.942550937,Namsor,HL,Other
John,Brebbia,White,0.999987602,W_NL,0.669198384,Clarafai,White,White
Johnny,Cueto,Black,0.999703109,HL,0.946644003,Clarafai,Black,Black
Jon,Berti,White,0.91345787,W_NL,0.898433158,Clarafai,White,White
Jon,Gray,White,0.999872804,W_NL,0.433311028,Clarafai,White,White
Jonah,Bride,White,0.969596684,B_NL,0.585602418,Clarafai,White,White
Jonah,Heim,White,0.993911266,W_NL,0.852486548,Clarafai,White,White
Jonathan,Aranda,Other,0.543595254,HL,0.942299242,Namsor,HL,Other
Jonathan,Davis,Black,0.999984384,B_NL,0.598960673,Clarafai,Black,Black
Jonathan,Heasley,White,0.998986423,W_NL,0.767192002,Clarafai,White,White
Jonathan,India,White,0.766028941,A,0.598959797,Clarafai,White,White
Jordan,Diaz,Other,0.714109123,HL,0.969426169,Namsor,HL,Other
Jordan,Groshans,White,0.994538844,W_NL,0.886699942,Clarafai,White,White
Jordan,Hicks,Other,0.883032858,B_NL,0.473989698,Clarafai,Other,Black
Jordan,Holloway,White,0.971519887,B_NL,0.440710146,Clarafai,White,White
Jorge,Alcala,Black,0.864642382,HL,0.972734027,Namsor,HL,Black
Jorge,Alfaro,Other,0.90783155,HL,0.972734027,Namsor,HL,Other
Jose,Altuve,White,0.366253883,HL,0.946185562,Namsor,HL,White
Jose,Alvarez,White,0.657880366,HL,0.972734027,Namsor,HL,White
Jose,Barrero,Black,0.992979109,HL,0.972734027,Clarafai,Black,Black
Jose,Cuas,Black,0.975730956,HL,0.948811631,Clarafai,Black,Black
Jose,Herrera,Other,0.826951325,HL,0.972734027,Namsor,HL,Other
Josh,Bell,Black,0.999639511,B_NL,0.472744807,Clarafai,Black,Black
Josh,Donaldson,White,0.98980242,W_NL,0.417047163,Clarafai,White,White
Josh,Fleming,White,0.988319516,B_NL,0.454074763,Clarafai,White,White
Josh,Hader,White,0.924925268,W_NL,0.830272597,Clarafai,White,White
Josh,Harrison,Black,0.999717534,B_NL,0.46455348,Clarafai,Black,Black
Josh,Jung,White,0.973399937,A,0.945553486,Clarafai,White,White
Josiah,Gray,Black,0.999579012,B_NL,0.761632796,Clarafai,Black,Black
JT,Brubaker,White,0.998779118,W_NL,0.676497476,Clarafai,White,White
JT,Chargois,Other,0.405021161,B_NL,0.80221577,Namsor,B_NL,White
Justin,Bruihl,White,0.997157693,W_NL,0.812584843,Clarafai,White,White
Justin,Dunn,Black,0.999459445,W_NL,0.4874086,Clarafai,Black,Black
Justin,Grimm,White,0.991859138,W_NL,0.897843319,Clarafai,White,White
Ke'Bryan,Hayes,Black,0.999145508,B_NL,0.778583786,Clarafai,Black,Black
Keegan,Akin,White,0.964995027,W_NL,0.83911051,Clarafai,White,White
Ken,Giles,White,0.966287553,B_NL,0.552118623,Clarafai,White,White
Kendall,Graveman,Other,0.787220597,W_NL,0.658017866,Clarafai,Other,White
Kenley,Jansen,Black,0.967419982,W_NL,0.872775076,Clarafai,Black,Black
Kerry,Carpenter,White,0.993162513,W_NL,0.6440558,Clarafai,White,White
Kervin,Castro,Other,0.760536075,HL,0.943199086,Namsor,HL,Other
Keston,Hiura,Asian,0.880422831,A,0.856096187,Clarafai,Asian,Asian
Kevin,Gausman,White,0.998682082,W_NL,0.813758149,Clarafai,White,White
Kevin,Ginkel,White,0.9886325,W_NL,0.868228615,Clarafai,White,White
Kevin,Herget,White,0.994905114,W_NL,0.800992871,Clarafai,White,White
Kody,Clemens,White,0.995232522,W_NL,0.74751122,Clarafai,White,White
Kohei,Arihara,Asian,0.981061876,A,0.92868773,Clarafai,Asian,Asian
Kolby,Allard,White,0.998057187,W_NL,0.691250054,Clarafai,White,White
Kole,Calhoun,White,0.994626224,B_NL,0.804003376,Clarafai,White,White
Kris,Bryant,White,0.894036233,B_NL,0.412976752,Clarafai,White,White
Kris,Bubic,White,0.998443067,W_NL,0.945605245,Clarafai,White,White
Kutter,Crawford,White,0.830033064,B_NL,0.503171496,Clarafai,White,White
Kyle,Barraclough,White,0.375821173,W_NL,0.828308108,Namsor,W_NL,White
Kyle,Bradish,White,0.999457419,W_NL,0.889012043,Clarafai,White,White
Kyle,Crick,White,0.999565423,W_NL,0.84165676,Clarafai,White,White
Kyle,Dowdy,White,0.990695953,W_NL,0.572326704,Clarafai,White,White
Kyle,Farmer,White,0.998014688,W_NL,0.685031604,Clarafai,White,White
Kyle,Finnegan,White,0.883025587,W_NL,0.910016228,Namsor,W_NL,White
Kyle,Freeland,White,0.994788289,W_NL,0.686003283,Clarafai,White,White
Kyle,Garlick,White,0.999811828,W_NL,0.821841643,Clarafai,White,White
Kyle,Gibson,White,0.960784197,W_NL,0.486184388,Clarafai,White,White
Kyle,Hendricks,White,0.973327696,W_NL,0.538409126,Clarafai,White,White
Kyle,Higashioka,White,0.902724385,A,0.530300519,Clarafai,White,White
Kyle,Isbel,White,0.879428208,W_NL,0.832887642,Clarafai,White,White
Lewis,Brinson,Black,0.962315798,B_NL,0.701202552,Clarafai,Black,Black
Liam,Hendriks,White,0.999576509,W_NL,0.934311872,Clarafai,White,White
Logan,Allen,White,0.905914605,W_NL,0.716052264,Clarafai,White,White
Logan,Gilbert,White,0.995211542,W_NL,0.708435805,Clarafai,White,White
Logan,Gillaspie,White,0.999322176,W_NL,0.747223417,Clarafai,White,White
Lorenzo,Cain,Black,0.999402761,B_NL,0.567782067,Clarafai,Black,Black
Louis,Head,White,0.961757123,B_NL,0.501529691,Clarafai,White,White
Lucas,Gilbreath,White,0.984602571,W_NL,0.588786496,Clarafai,White,White
Lucas,Giolito,White,0.848583817,HL,0.660457018,Clarafai,White,White
Lucius,Fox,Black,0.999828458,W_NL,0.423984277,Clarafai,Black,Black
Luis,Arraez,Other,0.523176312,HL,0.972734027,Namsor,HL,Other
Luis,Barrera,Other,0.523002088,HL,0.972734027,Namsor,HL,Other
Luis,Campusano,Other,0.761733711,HL,0.972734027,Namsor,HL,Other
Luis,Castillo,Other,0.826577961,HL,0.972734027,Namsor,HL,Other
Luis,Castillo,Other,0.826577961,HL,0.972734027,Namsor,HL,Other
Luis,Castillo,Other,0.826577961,HL,0.972734027,Namsor,HL,Other
Luis,Castillo,Other,0.826577961,HL,0.972734027,Namsor,HL,Other
Luis,Castillo,Other,0.826577961,HL,0.972734027,Namsor,HL,Other
Luis,Castillo,Other,0.826577961,HL,0.972734027,Namsor,HL,Other
Luis,Castillo,Other,0.826577961,HL,0.972734027,Namsor,HL,Other
Luis,Castillo,Other,0.826577961,HL,0.972734027,Namsor,HL,Other
Luis,Castillo,Other,0.826577663,HL,0.972734027,Namsor,HL,Other
Luis,Castillo,Other,0.826577663,HL,0.972734027,Namsor,HL,Other
Luis,Castillo,Other,0.826577663,HL,0.972734027,Namsor,HL,Other
Luis,Castillo,Other,0.826577663,HL,0.972734027,Namsor,HL,Other
Luis,Castillo,Other,0.826577663,HL,0.972734027,Namsor,HL,Other
Luis,Castillo,Other,0.826577663,HL,0.972734027,Namsor,HL,Other
Luis,Castillo,Other,0.826577663,HL,0.972734027,Namsor,HL,Other
Luis,Castillo,Other,0.826577663,HL,0.972734027,Namsor,HL,Other
Luis,Cessa,Other,0.850917101,HL,0.949551614,Namsor,HL,Other
Luis,Garcia,Asian,0.465696573,HL,0.972734027,Namsor,HL,Other
Luis,Gil,Other,0.743639529,HL,0.972734027,Namsor,HL,Other
Luis,Guillorme,Other,0.618478835,HL,0.949471885,Namsor,HL,Other
Luke,Bard,White,0.97995466,W_NL,0.762461163,Clarafai,White,White
Luke,Barker,White,0.982509136,W_NL,0.724257831,Clarafai,White,White
Luke,Farrell,White,0.842598677,W_NL,0.784505781,Clarafai,White,White
MacKenzie,Gore,White,0.964793146,B_NL,0.653557072,Clarafai,White,White
Madison,Bumgarner,White,0.980804622,W_NL,0.87499964,Clarafai,White,White
Maikel,Franco,Black,0.999611199,HL,0.934590965,Clarafai,Black,Black
Maikel,Garcia,Black,0.998122752,HL,0.949471885,Clarafai,Black,Black
Marco,Gonzales,Other,0.833645701,HL,0.972734027,Namsor,HL,Other
Mario,Feliciano,Other,0.856801212,HL,0.972734027,Namsor,HL,Other
Mark,Appel,White,0.955924809,W_NL,0.931215092,Clarafai,White,White
Mark,Canha,White,0.999796212,W_NL,0.457097186,Clarafai,White,White
Mark,Contreras,Other,0.50843811,HL,0.933724954,Namsor,HL,Other
Marwin,Gonzalez,Other,0.811595738,HL,0.972734027,Namsor,HL,Other
Matt,Barnes,White,0.916262507,W_NL,0.522590219,Clarafai,White,White
Matt,Beaty,White,0.99922657,W_NL,0.750987805,Clarafai,White,White
Matt,Brash,White,0.995808244,W_NL,0.778742089,Clarafai,White,White
Matt,Bush,Other,0.670407832,W_NL,0.659247401,Clarafai,Other,White
Matt,Carpenter,White,0.472840697,W_NL,0.804986933,Namsor,W_NL,White
Matt,Chapman,White,0.790784419,W_NL,0.73459449,Clarafai,White,White
Matt,Davidson,White,0.999594867,W_NL,0.620230531,Clarafai,White,White
Matt,Dermody,White,0.976711869,W_NL,0.910094481,Clarafai,White,White
Matt,Duffy,White,0.999127328,W_NL,0.860887356,Clarafai,White,White
Matt,Festa,White,0.9926669,W_NL,0.831273124,Clarafai,White,White
Matt,Foster,White,0.997085273,W_NL,0.608050664,Clarafai,White,White
Matt,Gage,White,0.999360859,W_NL,0.70455278,Clarafai,White,White
Matthew,Batten,White,0.999909282,W_NL,0.76120152,Clarafai,White,White
Matthew,Boyd,White,0.998512089,W_NL,0.541942623,Clarafai,White,White
Max,Castillo,Other,0.948334098,HL,0.946364952,Clarafai,Other,Other
Max,Fried,White,0.99987793,W_NL,0.891649654,Clarafai,White,White
Michael,Brantley,Other,0.818934023,W_NL,0.580904753,Clarafai,Other,Other
Michael,Chavis,White,0.896744847,B_NL,0.527168112,Clarafai,White,White
Michael,Feliz,Black,0.810604095,HL,0.956194737,Namsor,HL,Black
Michael,Fulmer,White,0.960879743,W_NL,0.880477804,Clarafai,White,White
Michael,Grove,White,0.993587494,W_NL,0.677082511,Clarafai,White,White
Michael,Hermosillo,Other,0.910875797,HL,0.941106625,Namsor,HL,Other
Michel,Baez,Other,0.868997395,HL,0.972734027,Namsor,HL,Other
Miguel,Andujar,Black,0.984553337,HL,0.972734027,Clarafai,Black,Black
Miguel,Cabrera,Other,0.935584307,HL,0.972734027,Namsor,HL,Other
Miguel,Castro,Black,0.999962687,HL,0.972734027,Clarafai,Black,Black
Mike,Baumann,White,0.996582568,W_NL,0.918338304,Clarafai,White,White
Mike,Brosseau,White,0.996333718,W_NL,0.762998555,Clarafai,White,White
Mike,Clevinger,White,0.995166183,W_NL,0.823190446,Clarafai,White,White
Mike,Ford,Other,0.929802477,B_NL,0.607723426,Clarafai,Other,White
Mitch,Garver,White,0.995072186,W_NL,0.805290488,Clarafai,White,White
Mitch,Haniger,White,0.905882597,W_NL,0.781449598,Clarafai,White,White
Mitch,Keller,Asian,0.48306182,W_NL,0.824176649,Namsor,W_NL,White
Monte,Harrison,Black,0.989783108,B_NL,0.806559604,Clarafai,Black,Black
Mookie,Betts,Black,0.636896253,B_NL,0.836135267,Namsor,B_NL,Black
Mychal,Givens,Black,0.999009013,B_NL,0.806345792,Clarafai,Black,Black
Nabil,Crismatt,Other,0.589622855,W_NL,0.835994564,Namsor,W_NL,Other
Narciso,Crook,Black,0.977398634,B_NL,0.656506658,Clarafai,Black,Black
Nate,Eaton,White,0.991328955,W_NL,0.475572568,Clarafai,White,White
Nate,Fisher,White,0.865333676,W_NL,0.604556844,Clarafai,White,White
Nathan,Eovaldi,White,0.508324206,W_NL,0.752725307,Namsor,W_NL,White
Nelson,Cruz,Other,0.44194904,HL,0.962810453,Namsor,HL,Other
Nestor,Cortes,Other,0.936950088,HL,0.972734027,Namsor,HL,Other
Nick,Ahmed,White,0.973975778,A,0.672882256,Clarafai,White,White
Nick,Allen,White,0.999777734,B_NL,0.490624382,Clarafai,White,White
Nick,Castellanos,White,0.692128718,HL,0.944320197,Namsor,HL,White
Nick,Duron,White,0.994339406,HL,0.762414506,Clarafai,White,White
Nick,Fortes,White,0.581208229,HL,0.483343792,Clarafai,White,White
Nick,Gordon,Black,0.999205887,B_NL,0.616196065,Clarafai,Black,Black
Nico,Hoerner,White,0.999474823,W_NL,0.882685591,Clarafai,White,White
Niko,Goodrum,Black,0.946807802,W_NL,0.734266603,Clarafai,Black,Black
Noah,Davis,White,0.999775469,B_NL,0.617911721,Clarafai,White,White
Nolan,Arenado,Other,0.473724335,HL,0.874979511,Namsor,HL,Other
Nolan,Gorman,White,0.991816223,W_NL,0.761756296,Clarafai,White,White
Nolan,Jones,White,0.611717939,B_NL,0.748578524,Namsor,B_NL,White
Oneil,Cruz,Black,0.999545991,HL,0.942467505,Clarafai,Black,Black
Orlando,Arcia,Other,0.854293764,HL,0.972734027,Namsor,HL,Other
Oscar,Gonzalez,Black,0.998443902,HL,0.972734027,Clarafai,Black,Black
Oswaldo,Cabrera,Asian,0.737005115,HL,0.972734027,Namsor,HL,Other
Ozzie,Albies,Black,0.945272148,B_NL,0.542504889,Clarafai,Black,Black
P.J.,Higgins,White,0.989192426,W_NL,0.39747592,Clarafai,White,White
Paolo,Espino,Other,0.727209151,HL,0.948759309,Namsor,HL,Other
Patrick,Corbin,White,0.912602246,B_NL,0.493144673,Clarafai,White,White
Paul,Blackburn,White,0.985874951,W_NL,0.688432714,Clarafai,White,White
Paul,DeJong,White,0.688241184,W_NL,0.524087321,Clarafai,White,White
Paul,Fry,White,0.99967885,W_NL,0.790258843,Clarafai,White,White
Paul,Goldschmidt,White,0.941885352,W_NL,0.920588113,Clarafai,White,White
Payton,Henry,White,0.908196807,B_NL,0.670002542,Clarafai,White,White
Pedro,Avila,Other,0.663889766,HL,0.972734027,Namsor,HL,Other
Pete,Alonso,White,0.998284161,HL,0.945251012,Clarafai,White,White
Pete,Fairbanks,White,0.999855757,W_NL,0.48836543,Clarafai,White,White
Peyton,Burdick,White,0.998249292,W_NL,0.794992741,Clarafai,White,White
Phil,Bickford,White,0.996402025,W_NL,0.761315275,Clarafai,White,White
Phil,Gosselin,White,0.998399317,W_NL,0.788153711,Clarafai,White,White
Phillip,Diehl,White,0.999332845,W_NL,0.899127286,Clarafai,White,White
Pierce,Johnson,White,0.999704778,B_NL,0.813113101,Clarafai,White,White
R.J.,Alvarez,Other,0.582685888,HL,0.948943682,Namsor,HL,Other
Rafael,Devers,Black,0.828777969,HL,0.851864646,Namsor,HL,Black
Raisel,Iglesias,Black,0.995895386,HL,0.945507493,Clarafai,Black,Black
Randal,Grichuk,White,0.891096532,W_NL,0.902036524,Namsor,W_NL,White
Randy,Arozarena,Black,0.998559535,HL,0.82831869,Clarafai,Black,Black
Raynel,Espinal,Other,0.888776898,HL,0.938222071,Namsor,HL,Other
Reed,Garrett,White,0.998202801,W_NL,0.775120452,Clarafai,White,White
Reid,Detmers,White,0.999295712,W_NL,0.91703031,Clarafai,White,White
Rhys,Hoskins,White,0.999031901,B_NL,0.600782205,Clarafai,White,White
Rich,Hill,White,0.995733559,W_NL,0.496703044,Clarafai,White,White
Richard,Bleier,White,0.443071038,W_NL,0.93319722,Namsor,W_NL,White
Rico,Garcia,Other,0.80082351,HL,0.949534174,Namsor,HL,Other
Riley,Adams,White,0.963454664,B_NL,0.528464331,Clarafai,White,White
Riley,Greene,Other,0.773580194,B_NL,0.449884303,Clarafai,Other,White
Roansy,Contreras,Black,0.99645716,HL,0.943707045,Clarafai,Black,Black
Rob,Brantly,White,0.985236406,W_NL,0.756375644,Clarafai,White,White
Robbie,Erlin,White,0.99936825,W_NL,0.812599438,Clarafai,White,White
Robbie,Grossman,White,0.999759138,W_NL,0.852771042,Clarafai,White,White
Robert,Dugger,Other,0.847223043,W_NL,0.84471647,Clarafai,Other,White
Robert,Gsellman,White,0.833724976,W_NL,0.871906581,Namsor,W_NL,White
Robinson,Chirinos,Other,0.929463625,HL,0.918572705,Clarafai,Other,Other
Rodolfo,Castro,Black,0.998759985,HL,0.972734027,Clarafai,Black,Black
Ronel,Blanco,Black,0.655912817,HL,0.942376358,Namsor,HL,Black
Ronnie,Dawson,Black,0.998721659,B_NL,0.79595055,Clarafai,Black,Black
Ronny,Henriquez,Other,0.811407149,HL,0.949379699,Namsor,HL,Other
Ross,Detwiler,White,0.997678339,W_NL,0.882664428,Clarafai,White,White
Ryan,Aguilar,Other,0.701251566,HL,0.918668245,Namsor,HL,Other
Ryan,Borucki,White,0.998877347,W_NL,0.932249652,Clarafai,White,White
Ryan,Brasier,White,0.998354554,W_NL,0.806488992,Clarafai,White,White
Ryan,Burr,White,0.999963284,W_NL,0.781528337,Clarafai,White,White
Ryan,Castellani,White,0.999556601,W_NL,0.771233592,Clarafai,White,White
Ryan,Feltner,White,0.539408505,W_NL,0.901767994,Namsor,W_NL,White
Ryan,Helsley,White,0.733086765,W_NL,0.905806626,Namsor,W_NL,White
Ryan,Hendrix,White,0.882460713,W_NL,0.811146297,Clarafai,White,White
Ryan,Jeffers,White,0.999456823,W_NL,0.548178323,Clarafai,White,White
Rylan,Bannon,White,0.999825299,W_NL,0.762742706,Clarafai,White,White
Sam,Clay,White,0.999081254,B_NL,0.520653922,Clarafai,White,White
Sam,Coonrod,White,0.999697924,W_NL,0.791285261,Clarafai,White,White
Sam,Haggerty,Other,0.725663483,W_NL,0.801697537,Namsor,W_NL,White
Sam,Hentges,White,0.951764762,W_NL,0.870470871,Clarafai,White,White
Sam,Hilliard,White,0.991828322,W_NL,0.438069117,Clarafai,White,White
Sam,Howard,White,0.964728653,W_NL,0.406521407,Clarafai,White,White
Sam,Huff,White,0.992679715,W_NL,0.794831265,Clarafai,White,White
Sandy,Alcantara,Asian,0.890428364,HL,0.874687542,Clarafai,Asian,Other
Santiago,Espinal,Other,0.574207544,HL,0.969426169,Namsor,HL,Other
Scott,Alexander,White,0.513204873,W_NL,0.86807845,Namsor,W_NL,White
Scott,Barlow,White,0.996327221,W_NL,0.853727764,Clarafai,White,White
Scott,Effross,White,0.85341531,W_NL,0.883893905,Namsor,W_NL,White
Sean,Bouchard,White,0.807386935,W_NL,0.806267128,Clarafai,White,White
Sean,Doolittle,White,0.967109919,W_NL,0.564480363,Clarafai,White,White
Sean,Hjelle,White,0.999598563,W_NL,0.93347227,Clarafai,White,White
Seth,Beer,White,0.999602616,W_NL,0.801256268,Clarafai,White,White
Seth,Brown,White,0.999655843,B_NL,0.628226541,Clarafai,White,White
Shane,Baz,White,0.993836462,A,0.589585062,Clarafai,White,White
Shane,Bieber,White,0.966241598,W_NL,0.874683924,Clarafai,White,White
Shane,Greene,White,0.998589098,B_NL,0.704456828,Clarafai,White,White
Shaun,Anderson,White,0.994623899,B_NL,0.685435547,Clarafai,White,White
Shawn,Armstrong,White,0.995656013,B_NL,0.67403625,Clarafai,White,White
Silvino,Bracho,Other,0.792946756,HL,0.944485124,Namsor,HL,Other
Skye,Bolt,White,0.998081803,W_NL,0.637681023,Clarafai,White,White
Sonny,Gray,White,0.9978351,B_NL,0.625622669,Clarafai,White,White
Spencer,Howard,White,0.993534327,B_NL,0.497973344,Clarafai,White,White
Steve,Cishek,Asian,0.753156483,W_NL,0.646830396,Clarafai,Asian,Asian
Steven,Brault,White,0.833322883,W_NL,0.920362429,Namsor,W_NL,White
Steven,Duggar,White,0.978578269,W_NL,0.757072066,Clarafai,White,White
Stone,Garrett,Black,0.98470819,B_NL,0.584184441,Clarafai,Black,Black
Stuart,Fairchild,Asian,0.806607783,W_NL,0.917775428,Namsor,W_NL,Asian
Tanner,Banks,White,0.964475453,B_NL,0.749651393,Clarafai,White,White
Tanner,Houck,White,0.994479418,W_NL,0.892836025,Clarafai,White,White
Taylor,Clarke,White,0.999068201,B_NL,0.465996448,Clarafai,White,White
Taylor,Hearn,Black,0.997535706,W_NL,0.627972519,Clarafai,Black,Black
Taylor,Jones,Other,0.865056276,B_NL,0.625919029,Clarafai,Other,Other
Terrance,Gore,Black,0.997390449,B_NL,0.837333166,Clarafai,Black,Black
Thairo,Estrada,Asian,0.621608734,HL,0.943206832,Namsor,HL,Other
Thomas,Hatch,Other,0.665825188,W_NL,0.802335832,Namsor,W_NL,White
Tim,Anderson,Black,0.999316573,W_NL,0.49022459,Clarafai,Black,Black
Tim,Beckham,Black,0.989441037,W_NL,0.619805341,Clarafai,Black,Black
Tim,Hill,White,0.998377323,B_NL,0.440236906,Clarafai,White,White
TJ,Friedl,White,0.990832388,W_NL,0.901290545,Clarafai,White,White
Tommy,Edman,Other,0.44787398,W_NL,0.745211489,Namsor,W_NL,White
Tommy,Henry,White,0.998776019,B_NL,0.711503797,Clarafai,White,White
Tommy,Hunter,White,0.998451233,B_NL,0.555697596,Clarafai,White,White
Tommy,Kahnle,White,0.926401675,W_NL,0.415969382,Clarafai,White,White
Tony,Gonsolin,White,0.824270368,B_NL,0.53731706,Clarafai,White,White
Travis,Blankenhorn,White,0.999300838,W_NL,0.762277412,Clarafai,White,White
Travis,Demeritte,Black,0.999920845,B_NL,0.793116536,Clarafai,Black,Black
Travis,d'Arnaud,White,0.606150746,W_NL,0.619305482,Namsor,W_NL,White
Travis,Jankowski,White,0.997012377,W_NL,0.94049123,Clarafai,White,White
Trent,Grisham,Other,0.963401973,W_NL,0.472759864,Clarafai,Other,White
Tres,Barrera,White,0.616898656,HL,0.919779168,Namsor,HL,White
Trevor,Gott,White,0.995773613,W_NL,0.615809381,Clarafai,White,White
Trevor,Kelley,White,0.979366839,B_NL,0.436829775,Clarafai,White,White
Triston,Casas,White,0.667294681,HL,0.931580892,Namsor,HL,Other
Tucker,Barnhart,White,0.989914894,W_NL,0.856773125,Clarafai,White,White
Tucker,Davidson,White,0.94821769,W_NL,0.62599188,Clarafai,White,White
Ty,Blach,White,0.994400561,W_NL,0.75805361,Clarafai,White,White
Ty,France,White,0.997811735,B_NL,0.759908309,Clarafai,White,White
Tyler,Alexander,White,0.99932611,W_NL,0.663257758,Clarafai,White,White
Tyler,Anderson,White,0.956893086,W_NL,0.545941592,Clarafai,White,White
Tyler,Beede,White,0.960678935,W_NL,0.78525229,Clarafai,White,White
Tyler,Clippard,White,0.999620318,W_NL,0.790256142,Clarafai,White,White
Tyler,Cyr,Other,0.674542665,W_NL,0.873404101,Namsor,W_NL,White
Tyler,Danish,White,0.991635442,W_NL,0.746666968,Clarafai,White,White
Tyler,Duffey,White,0.998736203,W_NL,0.810022777,Clarafai,White,White
Tyler,Freeman,Other,0.664060771,W_NL,0.566292322,Clarafai,Other,Other
Tyler,Gilbert,White,0.992768764,W_NL,0.595248584,Clarafai,White,White
Tyler,Glasnow,White,0.836444974,W_NL,0.696575111,Clarafai,White,White
Tyler,Heineman,White,0.993869901,W_NL,0.929567764,Clarafai,White,White
Tyler,Holton,White,0.975174963,W_NL,0.563119712,Clarafai,White,White
Vaughn,Grissom,Other,0.837510645,B_NL,0.647546667,Clarafai,Other,Other
Victor,Caratini,White,0.981744826,HL,0.811019583,Clarafai,White,White
Vinny,Capra,White,0.938620389,A,0.622247291,Clarafai,White,White
Vladimir,Gutierrez,Black,0.931726158,HL,0.944077913,Namsor,HL,Black
Walker,Buehler,White,0.957604766,W_NL,0.942171039,Clarafai,White,White
Wander,Franco,Asian,0.805417001,HL,0.933636911,Namsor,HL,Other
Wil,Crowe,White,0.999019504,W_NL,0.471508557,Clarafai,White,White
Will,Benson,Black,0.999417186,B_NL,0.579115978,Clarafai,Black,Black
Will,Brennan,Other,0.636903703,W_NL,0.781420689,Namsor,W_NL,White
Willi,Castro,Asian,0.500214994,HL,0.941973158,Namsor,HL,Other
William,Contreras,Asian,0.357500643,HL,0.934623594,Namsor,HL,Other
Willians,Astudillo,Other,0.852413654,HL,0.93626099,Namsor,HL,Other
Willie,Calhoun,Black,0.412418455,B_NL,0.897801648,Namsor,B_NL,Other
Willson,Contreras,Other,0.658074617,HL,0.945607378,Namsor,HL,Other
Willy,Adames,Other,0.824270546,HL,0.7767581,Clarafai,Other,Other
Wilmer,Difo,Asian,0.532384455,HL,0.862422592,Namsor,HL,Other
Wilmer,Flores,Asian,0.337777525,HL,0.949352292,Namsor,HL,Other
Wynton,Bernard,Black,0.999144554,B_NL,0.711512189,Clarafai,Black,Black
Xander,Bogaerts,Other,0.618800461,W_NL,0.796556308,Namsor,W_NL,Other
Xzavion,Curry,Black,0.999559343,B_NL,0.937914052,Clarafai,Black,Black
Yadiel,Hernandez,Other,0.547124863,HL,0.972734027,Namsor,HL,Other
Yainer,Diaz,Other,0.843820333,HL,0.972734027,Namsor,HL,Other
Yan,Gomes,White,0.672818422,A,0.743274307,Namsor,A,White
Yasmani,Grandal,White,0.788414657,HL,0.699478684,Clarafai,White,White
Yency,Almonte,Black,0.980699122,HL,0.942446291,Clarafai,Black,Black
Yennier,Cano,Black,0.96552217,HL,0.945477677,Clarafai,Black,Black
Yonathan,Daza,Other,0.734215438,HL,0.858859269,Namsor,HL,Other
Yonny,Chirinos,Other,0.634069681,HL,0.880336142,Namsor,HL,Other
Yordan,Alvarez,Black,0.999720156,HL,0.972734027,Clarafai,Black,Black
Yu,Chang,Asian,0.860093653,A,0.972734027,Namsor,A,Asian
Yu,Darvish,Asian,0.79132092,A,0.936242377,Namsor,A,Asian
Yuli,Gurriel,Other,0.813394487,A,0.535259565,Clarafai,Other,Other
Zac,Gallen,White,0.975037336,W_NL,0.497405423,Clarafai,White,White
Zach,Davies,White,0.906118512,W_NL,0.676506958,Clarafai,White,White
Zach,Eflin,Other,0.483692765,W_NL,0.608057808,Namsor,W_NL,White
Zach,Jackson,White,0.998589933,B_NL,0.713106485,Clarafai,White,White
Zack,Britton,White,0.96639663,B_NL,0.483260683,Clarafai,White,White
Zack,Collins,White,0.999828696,B_NL,0.518060806,Clarafai,White,White
Zack,Greinke,White,0.996964872,W_NL,0.861067904,Clarafai,White,White
