First Name,Last Name,Face,Name,Truth
Pedro,Pascal,White,Other,Other
Bella,Ramsey,White,Black,White
Matilda,De Angelis,Other,Other,White
Rutina,Wesley,Black,Black,Black
Kathryn,Newton,White,White,White
Jonathan,Majors,Black,White,Black
Richard,Belzer,White,White,White
Annie,Wersching,White,White,White
Evangeline,Lilly,White,Black,White
Madelyn,Cline,Other,White,White
Anna,Torv,White,White,White
Brendan,Fraser,White,White,White
Natasha,Lyonne,White,Black,White
Melanie,Lynskey,Other,White,White
Cara,Delevingne,Other,Black,White
Alexandra,Daddario,White,Other,White
Jansen,Panettiere,Other,White,White
Elizabeth,Banks,White,Black,White
Stella,Stevens,White,Black,White
Mia,Goth,Other,White,White
Nico,Parker,Other,White,White
Jeri,Ryan,Other,White,White
Raquel,Welch,White,Other,White
Alison,Brie,White,White,White
Tom,Sizemore,White,White,White
Brandon,Sklenar,Other,White,White
Charlotte,Ritchie,White,Black,White
Jennifer Love,Hewitt,White,White,White
Ashley,Johnson,White,Black,White
Austin,Butler,White,Black,White
Cole,Hauser,White,White,White
Tom,Cruise,White,White,White
Isabel,May,White,Other,White
Christa,Miller,White,White,White
Alexander,Skarsgard,Asian,White,White
Paulina,Gaitan,Other,Other,Other
Margot,Robbie,White,White,White
Anya,Taylor-Joy,White,Black,White
Paul,Rudd,White,White,White
Michelle,Pfeiffer,White,White,White
Julia,Schlaepfer,White,White,White
Catherine,Haena Kim,Asian,Asian,Asian
Emily,Blunt,White,Black,White
Gabriel,Luna,Other,Other,Other
Bridget,Regan,White,White,White
Joey,King,White,Black,White
Bruce,Willis,White,Black,White
Kelly,Reilly,White,White,White
Milo,Ventimiglia,White,White,White
Brad,Pitt,White,White,White
Ashley,Greene,White,Black,White
Murray,Bartlett,White,White,White
Billy,Crudup,White,Black,White
Leonardo,DiCaprio,White,Other,White
Ashton,Kutcher,Other,White,White
Samara,Weaving,Asian,White,White
Steven,Spielberg,White,White,White
Amanda,Plummer,Other,White,White
Cate,Blanchett,White,Black,White
Harrison,Ford,Other,Black,White
Nicolas,Cage,White,Black,White
Ana,de Armas,Other,Other,Other
Reese,Witherspoon,White,Black,White
Lizzy,Caplan,White,White,White
Lashana,Lynch,Black,Black,Black
Victoria,Pedretti,White,Other,White
Thuso,Mbedu,Black,Black,Black
Lukas,Gage,White,White,White
M.,Night Shyamalan,Asian,Asian,Asian
Penn,Badgley,White,White,White
Sadie,Sink,White,White,White
Jennifer,Connelly,White,White,White
Michelle,Yeoh,Asian,Asian,Asian
Colin,Farrell,Other,White,White
Tom,Hanks,White,White,White
Henry,Cavill,White,White,White
Miles,Teller,White,White,White
Ray,Liotta,White,White,White
Sylvester,Stallone,Other,Black,White
Lily,James,Other,Black,White
Jennifer,Coolidge,White,White,White
Chase,Stokes,White,Black,White
Hong,Chau,Asian,Asian,Asian
Elizabeth,Lail,White,White,White
Sebastian,Stan,White,White,White
Jennifer,Lawrence,White,White,White
Sophie,Turner,White,Black,White
Riley,Keough,White,White,White
Emma,Watson,White,Black,White
Christian,Bale,White,Black,White
Dakota,Fanning,White,White,White
Haley,Lu Richardson,White,White,White
Stefanie,Martini,White,White,White
Emma,Mackey,White,Black,White
Melanie,Laurent,Asian,White,White
Christoph,Waltz,White,White,White
Sosie,Bacon,White,Black,White
Scout,Taylor-Compton,Other,White,White
Michael,B. Jordan,Black,White,Black
Todd,Stashwick,Other,White,White
Hayden,Panettiere,White,White,White
Cherry,Jones,White,Black,White
Gerard,Butler,White,Black,White
Jessica,Williams,Other,Black,Black
Ellen,Barkin,White,White,White
Daniel,Radcliffe,Other,White,White
Harry,Melling,White,White,White
Andrea,Savage,White,White,White
Denzel,Washington,Black,Black,Black
Ryan,Reynolds,White,White,White
Adam,Driver,White,White,White
Christina,Ricci,White,White,White
Tommi,Rose,White,White,White
Karen,Gillan,White,White,White
Brie,Larson,White,White,White
Sandra,Bullock,White,White,White
Emilia,Jones,White,Black,White
Helen,Mirren,White,White,White
Julianne,Moore,White,Black,White
Timothee,Chalamet,White,Black,White
Kelly,Macdonald,White,White,White
Tracy,Spiridakos,White,White,White
Juno,Temple,White,Black,White
Paul,Mescal,White,White,White
Holliday,Grainger,White,White,White
Brianne,Howey,White,White,White
Kevin,Costner,White,White,White
Tamzin,Merchant,White,Asian,White
Ben,Barnes,Other,Black,White
Viola,Davis,Black,Black,Black
Lauren,Ash,White,White,White
Jason,Statham,White,White,White
Mary,Elizabeth Winstead,White,White,White
Luke,Grimes,White,White,White
Jay,Hernandez,Other,Other,Other
Elizabeth,Debicki,White,White,White
Molly,Ringwald,White,White,White
Ke,Huy Quan,White,Asian,Asian
Mel,Gibson,Other,Black,White
Liam,Neeson,Other,White,White
Charlbi,Dean,White,Black,White
Linda,Cardellini,White,White,White
Bonnie,Somerville,White,Black,White
Scarlett,Johansson,White,White,White
Chloe,Grace Moretz,White,Other,White
Lupita,Nyong'o,Black,Black,Black
Allison,Williams,Other,Black,White
Quentin,Tarantino,White,White,White
Matthew,McConaughey,White,White,White
John,Travolta,White,White,White
Taron,Egerton,White,White,White
Isabelle,Fuhrman,White,White,White
Michael,Keaton,White,White,White
Kate,Winslet,Other,White,White
James,Norton,White,White,White
Carrie,Coon,White,White,White
Robert,Downey Jr.,White,White,White
Ryan,Gosling,White,White,White
Mark,Wahlberg,White,White,White
Alison,Pill,White,White,White
Tom,Burke,White,White,White
Katheryn,Winnick,White,White,White
Emma,Thompson,White,Black,White
Steve,Zahn,White,White,White
Johnny,Depp,Other,White,White
Justine,Bateman,White,Black,White
Lauren,Ambrose,White,White,White
Guy,Ritchie,White,White,White
Drew,Barrymore,White,White,White
Darren,Aronofsky,White,White,White
Emilia,Clarke,White,Black,White
Amie,Donald,White,Black,White
Ben,Affleck,White,White,White
Jonah,Hill,White,Black,White
Andrea,Riseborough,White,White,White
Adam,Sandler,White,White,White
Val,Kilmer,White,White,White
Bryce,Dallas Howard,White,White,White
Robert,De Niro,White,White,White
Orlando,Bloom,White,Other,White
Brittany,Snow,White,White,White
Zoe,Saldana,Asian,Other,White
Tig,Notaro,White,White,White
Salma,Hayek,Other,White,Other
Jessica,Chastain,White,White,White
Channing,Tatum,White,Black,White
Theo,James,Other,Black,White
Britt,Robertson,Other,White,White
Diane,Morgan,White,Black,White
Keira,Knightley,White,Black,White
Troy,Baker,White,Black,White
Amy,Adams,White,White,White
Julian,Sands,White,Black,White
Gemma,Arterton,White,Black,White
Michelle,Monaghan,White,White,White
Emma,Fuhrmann,White,White,White
Emma,Myers,Asian,Black,White
Will,Smith,Black,Black,Black
Ralph,Fiennes,White,White,White
Erika,Christensen,White,White,White
Orla,Brady,White,White,White
Gates,McFadden,White,Black,White
Olivia,Wilde,White,Black,White
David,Harbour,Other,White,White
Travis,Fimmel,White,White,White
Michael,Shannon,White,White,White
Michael,Douglas,White,Black,White
Olivia,Rodrigo,Other,Other,Asian
Russell,Crowe,Other,White,White
Ophelia,Lovibond,White,Black,White
Matt,Damon,White,White,White
Elizabeth,Olsen,White,White,White
Glen,Powell,White,Black,White
Monica,Bellucci,White,White,White
Eva,Green,White,Black,White
Marie-Josee,Croze,White,White,White
Natalie,Portman,White,White,White
Monica,Barbaro,Other,Other,White
Bellamy,Young,White,Black,White
Catherine,Zeta-Jones,Other,White,White
Sherrie,Rose,Other,Black,White
Emma,Stone,White,Black,White
Jake,Gyllenhaal,Other,White,White
Bryan,Cranston,White,White,White
Anne,Hathaway,White,White,White
Ginnifer,Goodwin,White,White,White
Angela,Bassett,Other,Black,Black
Rose,Williams,White,Black,White
Martin,Scorsese,White,White,White
Jason,Segel,White,White,White
Rachel,McAdams,White,Black,White
Kaitlyn,Dever,Other,White,White
Adrianne,Palicki,Other,White,White
William,Fichtner,White,White,White
Mila,Kunis,Other,White,White
Al,Pacino,Other,Other,White
Charlize,Theron,White,Black,White
Iliza,Shlesinger,White,White,White
Christopher,Nolan,White,White,White
Michael,Rady,White,White,White
Carla,Gugino,White,Other,White
Alicia,Vikander,White,White,White
Dawn,Olivieri,Other,White,White
Kate,Mulvany,White,White,White
Julie,Strain,White,White,White
Brendan,Gleeson,Other,White,White
Damien,Chazelle,Other,Black,White
Timothy,Olyphant,White,White,White
Annabelle,Wallis,White,White,White
Megan,Fox,White,White,White
Alan,Rickman,White,White,White
Michelle,Randolph,White,Black,White
Anna,Paquin,White,White,White
Olivia,Cooke,White,Black,White
Chris,Pine,White,White,White
Paolina,van Kleef,White,White,White
Michelle,Williams,White,Black,White
Melissa,McCarthy,White,White,White
Abby,Ryder Fortson,White,White,White
Zachary,Levi,White,White,White
Rupert,Grint,White,Black,White
Anna,Kendrick,White,White,White
Zoey,Deutch,Other,White,White
James,Spader,Other,White,White
Joe,Manganiello,Other,Other,White
Wendie,Malick,Other,White,Other
Alden,Ehrenreich,Other,White,White
Gwendoline,Christie,White,Black,White
Storm,Reid,White,Black,Black
Nathalie,Emmanuel,Other,Black,White
Eden,Sher,White,Asian,White
Hope,Davis,White,Black,White
April,Bowlby,White,White,White
Rachel,Weisz,White,White,White
Ben,Aldridge,Other,White,White
Jonathan,Groff,White,White,White
Chris,Hemsworth,White,White,White
Natalie,Dormer,White,White,White
Jennifer,Aniston,Other,White,White
Katee,Sackhoff,Other,White,White
Vanessa,Kirby,White,Black,White
Steve,Howey,Other,White,White
Todd,Field,White,White,White
Pamela,Anderson,Other,Black,White
Daniel,Craig,White,White,White
Ariel,Winter,Other,White,White
Jamie,Lee Curtis,Other,Asian,White
Kaley,Cuoco,White,White,White
Olivia,Colman,White,Black,White
Julia,Roberts,White,White,White
Milly,Alcock,White,White,White
George,Clooney,Other,White,White
Elizabeth,Mitchell,White,Black,White
Dylan,O'Brien,White,White,White
Letitia,Wright,Black,Black,Black
Daisy,Edgar-Jones,White,Other,White
Joanne,Whalley,White,White,White
Devan,Chandler Long,Other,Asian,White
Woody,Harrelson,White,White,White
Martin,McDonagh,White,White,White
Chloe,Sevigny,Other,White,White
Lauren,Cohan,White,White,White
Nicole,Kidman,White,White,White
James,Hong,Asian,Asian,Asian
Rosamund,Pike,White,White,White
Hayley,Atwell,White,White,White
Jack,Lowden,White,White,White
Lea,Thompson,White,Black,White
Charlie,Murphy,White,Black,White
Halle,Bailey,Black,Black,Black
Gary,Oldman,White,White,White
Samantha,Morton,White,Black,White
Denise,Gough,White,Black,White
Josh,Hartnett,Other,White,White
Yvonne,Strahovski,White,White,White
Andrew,Buchan,White,White,White
Meghann,Fahy,White,White,White
Charlie,Hunnam,White,Black,White
Arnold,Schwarzenegger,Other,White,White
Idris,Elba,Black,White,Black
Corey,Stoll,Other,White,White
Hailee,Steinfeld,White,White,White
Amanda,Seyfried,White,White,White
Nicholas,Hoult,White,White,White
Jack,Nicholson,White,White,White
Polly,Draper,White,White,White
Alan,Ritchson,White,White,White
John,Krasinski,White,White,White
Josh,Duhamel,White,White,White
Paul,Dano,White,White,White
Adrien,Brody,Other,White,White
Blake,Lively,White,White,White
Michael,Stuhlbarg,Other,White,White
Jason,Bateman,Other,White,White
Jennifer,Lopez,White,Other,Other
Peter,Stormare,White,White,White
Kristen,Bell,White,White,White
Shantel,VanSanten,White,White,White
Abigail,Breslin,White,White,White
Lamar,Johnson,Black,Black,Black
Sarah,Michelle Gellar,White,White,White
David,Fincher,White,White,White
Carey,Mulligan,White,White,White
Patrick,Stewart,Other,Black,White
Jonah,Hauer-King,Other,White,White
Oscar,Isaac,Other,Other,Other
Amber,Heard,White,Black,White
Helena,Bonham Carter,White,White,White
Alicia,Silverstone,White,White,White
Hero,Fiennes Tiffin,Other,Black,White
Rita,Moreno,Other,Other,Other
Jen,Landon,White,White,White
Caroline,Ford,White,Black,White
Chris,Evans,White,Black,White
Wes,Bentley,White,White,White
Hugh,Jackman,White,White,White
Nick,Nolte,White,White,White
Danai,Gurira,Black,Black,Black
Sally,Field,White,White,White
Gina,Carano,Other,Other,White
Jena,Malone,White,Black,White
Lilli,Kay,White,White,White
A.J.,Alexy,White,White,White
Aaron,Ashby,White,Black,White
Aaron,Brooks,White,Black,White
Aaron,Bummer,White,White,White
Aaron,Civale,White,White,White
Aaron,Fletcher,Asian,Black,Black
Aaron,Hicks,Asian,Black,Black
Aaron,Judge,Other,Black,White
Abraham,Almonte,Black,Other,Black
Adam,Cimber,White,White,White
Adam,Duvall,White,White,White
Adam,Engel,White,White,White
Adam,Frazier,White,White,White
Adam,Haseley,White,White,White
Adbert,Alzolay,Other,White,Other
Adrian,Houser,White,White,White
Akil,Baddoo,Black,Black,Black
Albert,Abreu,Black,Other,Other
Alcides,Escobar,Black,Other,Black
Alec,Bohm,White,White,White
Alec,Burleson,White,White,White
Alex,Bregman,White,White,White
Alex,Call,White,White,White
Alex,Claudio,White,Other,White
Alex,Cobb,White,Black,White
Alex,Dickerson,White,Black,White
Alex,Faedo,Other,Other,Other
Alex,Jackson,Other,Black,White
Amir,Garrett,Asian,White,Black
Anderson,Espinoza,Asian,Other,Black
Andre,Jackson,Black,Black,Black
Andrew,Bellatti,White,White,White
Andrew,Benintendi,White,White,White
Andrew,Chafin,White,White,White
Andrew,Heaney,White,White,White
Anthony,Alford,Black,Black,Black
Anthony,Banda,Other,Other,Other
Anthony,Bass,White,Black,White
Anthony,Bemboom,White,White,White
Anthony,Bender,White,White,White
Anthony,Castro,Black,Other,Black
Anthony,DeSclafani,White,Black,White
Anthony,Gose,Other,Black,Other
Anthony,Kay,White,Black,White
Aramis,Garcia,White,Other,Other
Archie,Bradley,White,Black,White
Aristides,Aquino,Black,Other,Black
Aroldis,Chapman,Black,White,Black
Ashton,Goudeau,White,Black,White
Austin,Adams,White,Black,White
Austin,Allen,White,White,White
Austin,Barnes,Other,Black,White
Austin,Brice,White,Black,White
Austin,Davis,White,Black,White
Austin,Dean,White,White,White
Austin,Gomber,White,White,White
Austin,Hays,White,White,White
Austin,Hedges,Other,White,White
Bailey,Falter,White,White,White
Beau,Brieske,White,White,White
Ben,DeLuzio,Asian,White,White
Ben,Gamel,White,White,White
Billy,Hamilton,Black,Black,Black
Bo,Bichette,Asian,Asian,Other
Bobby,Bradley,Black,Black,Black
Bobby,Dalbec,Other,White,White
Bowden,Francis,White,Black,White
Brad,Boxberger,White,White,White
Brad,Hand,Other,White,White
Brad,Keller,White,White,White
Brandon,Belt,Other,White,White
Brandon,Bielak,White,White,White
Brandon,Crawford,White,Black,White
Brandon,Dixon,White,Black,White
Brandon,Drury,White,White,White
Brandon,Hughes,White,Black,White
Braxton,Garrett,White,Black,White
Brayan,Bello,Black,Other,Black
Brendan,Donovan,White,White,White
Brendon,Davis,Black,Black,Black
Brennan,Bernardino,Other,Other,Other
Brett,Baty,White,White,White
Brewer,Hicklen,White,Black,White
Brian,Anderson,White,White,White
Brock,Burke,White,White,White
Brusdar,Graterol,Other,White,Other
Bryan,Abreu,Other,Other,Other
Bryan,Baker,White,White,White
Bryan,Garcia,White,Other,Other
Bryan,Hoeing,White,White,White
Bryce,Elder,White,White,White
Bryce,Harper,White,Black,White
Bryce,Johnson,White,Black,White
Buck,Farmer,White,White,White
Byron,Buxton,Black,Black,Black
C.J.,Cron,White,White,White
Cade,Cavalli,White,White,White
Caleb,Ferguson,White,White,White
Caleb,Hamilton,White,White,White
Calvin,Faucher,White,Black,White
Cam,Alldred,White,Asian,White
Cam,Gallagher,White,Asian,White
Camilo,Doval,Black,Other,Black
Carlos,Carrasco,Other,Other,Other
Carlos,Correa,Other,Other,Other
Carson,Kelly,White,Black,White
Cavan,Biggio,Other,White,White
Chad,Green,White,White,White
Charlie,Blackmon,White,Black,White
Charlie,Culberson,White,Black,White
Chase,Anderson,White,Black,White
Chris,Archer,Other,White,Other
Chris,Bassitt,White,White,White
Chris,Devenski,White,White,White
Chris,Ellis,White,White,White
Chris,Flexen,White,White,White
Christian,Arroyo,White,Other,White
Christian,Bethancourt,Other,White,Black
CJ,Abrams,Black,Black,Black
Clay,Holmes,White,Black,White
Clint,Frazier,White,Black,White
Cody,Bellinger,White,White,White
Cole,Irvin,White,Black,White
Colin,Holderman,White,White,White
Conner,Capel,White,White,White
Connor,Brogdon,White,White,White
Connor,Joe,Asian,Asian,Asian
Cooper,Criswell,White,White,White
Cooper,Hummel,White,White,White
Corbin,Burnes,White,Black,White
Corbin,Carroll,Other,White,White
Corey,Dickerson,White,Black,White
Cory,Abbott,White,White,White
Cristian,Javier,Black,Other,Black
Curt,Casali,White,White,White
Dairon,Blanco,Black,Other,Black
Dakota,Hudson,White,Black,White
Dalton,Guthrie,Other,White,Other
Damon,Jones,White,Black,White
Dane,Dunning,Asian,Black,Asian
Daniel,Bard,White,White,White
Daniel,Castano,White,Other,White
Daniel,Duarte,Other,Other,Other
Daniel,Hudson,White,Black,White
Danny,Coulombe,White,Black,White
Danny,Jansen,White,White,White
Darick,Hall,Other,Black,White
Daulton,Jefferies,White,Black,White
David,Bednar,White,White,White
David,Bote,White,White,White
David,Fletcher,White,White,White
David,Hensley,White,White,White
Daz,Cameron,Black,Black,Black
Derek,Hill,Black,Black,Black
Didi,Gregorius,Black,White,Black
Diego,Castillo,Black,Other,Black
Diego,Castillo,Black,Other,Black
DL,Hall,White,White,White
Domingo,Acevedo,Black,Other,Black
Drew,Carlton,White,White,White
Drew,Ellis,White,White,White
Drew,Hutchison,White,White,White
Drew,Jackson,White,Black,White
Drey,Jameson,White,Black,White
Dustin,Garneau,White,White,White
Dylan,Bundy,White,White,White
Dylan,Carlson,Other,White,White
Dylan,Cease,Other,White,White
Dylan,Coleman,White,White,White
Dylan,Floro,White,Other,White
Eddy,Alvarez,White,Other,Other
Eduard,Bazardo,Black,Other,Black
Eduardo,Escobar,Black,Other,Black
Edward,Cabrera,Black,Other,Black
Ehire,Adrianza,Other,Black,Other
Elier,Hernandez,Black,Other,Black
Elvis,Andrus,Black,White,Black
Emmanuel,Clase,Other,Black,Black
Ender,Inciarte,White,Other,White
Eric,Haase,White,White,White
Eric,Hosmer,Other,White,White
Erick,Fedde,White,White,White
Ernie,Clement,White,Black,White
Estevan,Florial,Black,Other,Black
Ezequiel,Duran,Black,Other,Black
Fernando,Cruz,Other,Other,Other
Foster,Griffin,White,Black,White
Franchy,Cordero,Black,Other,Black
Franklin,German,Other,White,White
Freddie,Freeman,White,Black,White
Freddy,Fermin,Asian,Other,White
Gabriel,Arias,Other,Other,Other
Garrett,Cleavinger,White,White,White
Garrett,Cooper,White,White,White
Garrett,Hampson,White,White,White
Garrett,Hill,White,Black,White
Gavin,Hollowell,White,White,White
Gerrit,Cole,White,White,White
Gilberto,Celestino,Black,Other,Other
Giovanny,Gallegos,Other,Other,Other
Gosuke,Katoh,Asian,Asian,Asian
Graham,Ashcraft,White,White,White
Grayson,Greiner,White,White,White
Greg,Allen,Black,White,Black
Greg,Holland,White,White,White
Griffin,Jax,White,White,White
Guillermo,Heredia,Black,Other,Black
Gunnar,Henderson,White,White,White
Hanser,Alberto,Black,Other,Black
Harold,Castro,Other,Other,Other
Harrison,Bader,White,White,White
Heath,Hembree,White,White,White
Huascar,Brazoban,Black,Other,Black
Humberto,Castellanos,Other,Other,Other
Hunter,Brown,White,White,White
Hunter,Dozier,White,White,White
Hunter,Gaddis,White,White,White
Hunter,Greene,Black,White,Black
Hunter,Harvey,White,White,White
Ian,Anderson,White,White,White
Ian,Gibaut,White,White,White
Ian,Hamilton,White,White,White
Ian,Happ,White,White,White
J.D.,Davis,White,Black,White
J.P.,Crawford,Other,Black,Black
J.P.,Feyereisen,Other,White,White
Jack,Flaherty,Other,White,White
Jacob,Barnes,Other,White,White
Jacob,deGrom,White,White,White
Jake,Bird,White,White,White
Jake,Brentz,White,White,White
Jake,Burger,White,White,White
Jake,Cave,White,White,White
Jake,Cousins,White,Black,White
Jake,Cronenworth,White,White,White
Jake,Diekman,White,White,White
Jake,Fishman,White,White,White
Jake,Fraley,White,White,White
Jake,Hager,White,White,White
Jakob,Junis,White,White,White
Jalen,Beeks,White,Black,White
James,Kaprielian,White,White,White
James,Karinchak,White,White,White
Jandel,Gustave,Black,Black,Black
Janson,Junk,White,White,White
Jarred,Kelenic,White,White,White
Jarren,Duran,White,Other,White
Jason,Adam,White,White,White
Jason,Alexander,White,White,White
Jason,Castro,White,Other,White
Jason,Delay,White,White,White
Jason,Foley,White,White,White
Jason,Heyward,Black,Black,Black
Javier,Assad,Other,Other,Other
Javy,Guerra,Other,Other,Other
Jay,Jackson,Black,Black,Black
Jaylin,Davis,Black,Black,Black
Jeff,Brigham,White,White,White
Jeff,Hoffman,White,White,White
Jeimer,Candelario,Other,Other,Other
Jerad,Eickhoff,White,White,White
Jeremiah,Estrada,Other,Other,Other
Jeremy,Beasley,White,White,White
Jesse,Chavez,Other,Other,Other
Jesus,Cruz,Asian,Other,Other
Jeter,Downs,Black,White,Black
Jeurys,Familia,Black,Other,Black
Jharel,Cotton,Black,Black,Black
Jhoan,Duran,Other,Other,Other
Jhonathan,Diaz,White,Other,White
Jimmy,Herget,White,White,White
JJ,Bleday,White,White,White
Jo,Adell,Black,Black,Black
Joan,Adon,Black,Black,Black
Joe,Barlow,White,Black,White
Joe,Dunand,Asian,Black,White
Joe,Kelly,White,Black,White
Joey,Bart,White,White,White
Joey,Gallo,White,Other,White
Johan,Camargo,Other,Other,Other
John,Brebbia,White,White,White
Johnny,Cueto,Black,Other,Black
Jon,Berti,White,White,White
Jon,Gray,White,White,White
Jonah,Bride,White,Black,White
Jonah,Heim,White,White,White
Jonathan,Aranda,Other,Other,Other
Jonathan,Davis,Black,Black,Black
Jonathan,Heasley,White,White,White
Jonathan,India,White,Asian,White
Jordan,Diaz,Other,Other,Other
Jordan,Groshans,White,White,White
Jordan,Hicks,Other,Black,Black
Jordan,Holloway,White,Black,White
Jorge,Alcala,Black,Other,Black
Jorge,Alfaro,Other,Other,Other
Jose,Altuve,White,Other,White
Jose,Alvarez,White,Other,White
Jose,Barrero,Black,Other,Black
Jose,Cuas,Black,Other,Black
Jose,Herrera,Other,Other,Other
Josh,Bell,Black,Black,Black
Josh,Donaldson,White,White,White
Josh,Fleming,White,Black,White
Josh,Hader,White,White,White
Josh,Harrison,Black,Black,Black
Josh,Jung,White,Asian,White
Josiah,Gray,Black,Black,Black
JT,Brubaker,White,White,White
JT,Chargois,Other,Black,White
Justin,BruiOther,White,White,White
Justin,Dunn,Black,White,Black
Justin,Grimm,White,White,White
Ke'Bryan,Hayes,Black,Black,Black
Keegan,Akin,White,White,White
Ken,Giles,White,Black,White
Kendall,Graveman,Other,White,White
Kenley,Jansen,Black,White,Black
Kerry,Carpenter,White,White,White
Kervin,Castro,Other,Other,Other
Keston,Hiura,Asian,Asian,Asian
Kevin,Gausman,White,White,White
Kevin,Ginkel,White,White,White
Kevin,Herget,White,White,White
Kody,Clemens,White,White,White
Kohei,Arihara,Asian,Asian,Asian
Kolby,Allard,White,White,White
Kole,Calhoun,White,Black,White
Kris,Bryant,White,Black,White
Kris,Bubic,White,White,White
Kutter,Crawford,White,Black,White
Kyle,Barraclough,White,White,White
Kyle,Bradish,White,White,White
Kyle,Crick,White,White,White
Kyle,Dowdy,White,White,White
Kyle,Farmer,White,White,White
Kyle,Finnegan,White,White,White
Kyle,Freeland,White,White,White
Kyle,Garlick,White,White,White
Kyle,Gibson,White,White,White
Kyle,Hendricks,White,White,White
Kyle,Higashioka,White,Asian,White
Kyle,Isbel,White,White,White
Lewis,Brinson,Black,Black,Black
Liam,Hendriks,White,White,White
Logan,Allen,White,White,White
Logan,Gilbert,White,White,White
Logan,Gillaspie,White,White,White
Lorenzo,Cain,Black,Black,Black
Louis,Head,White,Black,White
Lucas,Gilbreath,White,White,White
Lucas,Giolito,White,Other,White
Lucius,Fox,Black,White,Black
Luis,Arraez,Other,Other,Other
Luis,Barrera,Other,Other,Other
Luis,Campusano,Other,Other,Other
Luis,Castillo,Other,Other,Other
Luis,Castillo,Other,Other,Other
Luis,Castillo,Other,Other,Other
Luis,Castillo,Other,Other,Other
Luis,Castillo,Other,Other,Other
Luis,Castillo,Other,Other,Other
Luis,Castillo,Other,Other,Other
Luis,Castillo,Other,Other,Other
Luis,Castillo,Other,Other,Other
Luis,Castillo,Other,Other,Other
Luis,Castillo,Other,Other,Other
Luis,Castillo,Other,Other,Other
Luis,Castillo,Other,Other,Other
Luis,Castillo,Other,Other,Other
Luis,Castillo,Other,Other,Other
Luis,Castillo,Other,Other,Other
Luis,Cessa,Other,Other,Other
Luis,Garcia,Asian,Other,Other
Luis,Gil,Other,Other,Other
Luis,Guillorme,Other,Other,Other
Luke,Bard,White,White,White
Luke,Barker,White,White,White
Luke,Farrell,White,White,White
MacKenzie,Gore,White,Black,White
Madison,Bumgarner,White,White,White
Maikel,Franco,Black,Other,Black
Maikel,Garcia,Black,Other,Black
Marco,Gonzales,Other,Other,Other
Mario,Feliciano,Other,Other,Other
Mark,Appel,White,White,White
Mark,Canha,White,White,White
Mark,Contreras,Other,Other,Other
Marwin,Gonzalez,Other,Other,Other
Matt,Barnes,White,White,White
Matt,Beaty,White,White,White
Matt,Brash,White,White,White
Matt,Bush,Other,White,White
Matt,Carpenter,White,White,White
Matt,Chapman,White,White,White
Matt,Davidson,White,White,White
Matt,Dermody,White,White,White
Matt,Duffy,White,White,White
Matt,Festa,White,White,White
Matt,Foster,White,White,White
Matt,Gage,White,White,White
Matthew,Batten,White,White,White
Matthew,Boyd,White,White,White
Max,Castillo,Other,Other,Other
Max,Fried,White,White,White
Michael,Brantley,Other,White,Other
Michael,Chavis,White,Black,White
Michael,Feliz,Black,Other,Black
Michael,Fulmer,White,White,White
Michael,Grove,White,White,White
Michael,Hermosillo,Other,Other,Other
Michel,Baez,Other,Other,Other
Miguel,Andujar,Black,Other,Black
Miguel,Cabrera,Other,Other,Other
Miguel,Castro,Black,Other,Black
Mike,Baumann,White,White,White
Mike,Brosseau,White,White,White
Mike,Clevinger,White,White,White
Mike,Ford,Other,Black,White
Mitch,Garver,White,White,White
Mitch,Haniger,White,White,White
Mitch,Keller,Asian,White,White
Monte,Harrison,Black,Black,Black
Mookie,Betts,Black,Black,Black
Mychal,Givens,Black,Black,Black
Nabil,Crismatt,Other,White,Other
Narciso,Crook,Black,Black,Black
Nate,Eaton,White,White,White
Nate,Fisher,White,White,White
Nathan,Eovaldi,White,White,White
Nelson,Cruz,Other,Other,Other
Nestor,Cortes,Other,Other,Other
Nick,Ahmed,White,Asian,White
Nick,Allen,White,Black,White
Nick,Castellanos,White,Other,White
Nick,Duron,White,Other,White
Nick,Fortes,White,Other,White
Nick,Gordon,Black,Black,Black
Nico,Hoerner,White,White,White
Niko,Goodrum,Black,White,Black
Noah,Davis,White,Black,White
Nolan,Arenado,Other,Other,Other
Nolan,Gorman,White,White,White
Nolan,Jones,White,Black,White
Oneil,Cruz,Black,Other,Black
Orlando,Arcia,Other,Other,Other
Oscar,Gonzalez,Black,Other,Black
Oswaldo,Cabrera,Asian,Other,Other
Ozzie,Albies,Black,Black,Black
P.J.,Higgins,White,White,White
Paolo,Espino,Other,Other,Other
Patrick,Corbin,White,Black,White
Paul,Blackburn,White,White,White
Paul,DeJong,White,White,White
Paul,Fry,White,White,White
Paul,Goldschmidt,White,White,White
Payton,Henry,White,Black,White
Pedro,Avila,Other,Other,Other
Pete,Alonso,White,Other,White
Pete,Fairbanks,White,White,White
Peyton,Burdick,White,White,White
Phil,Bickford,White,White,White
Phil,Gosselin,White,White,White
Phillip,DieOther,White,White,White
Pierce,Johnson,White,Black,White
R.J.,Alvarez,Other,Other,Other
Rafael,Devers,Black,Other,Black
Raisel,Iglesias,Black,Other,Black
Randal,Grichuk,White,White,White
Randy,Arozarena,Black,Other,Black
Raynel,Espinal,Other,Other,Other
Reed,Garrett,White,White,White
Reid,Detmers,White,White,White
Rhys,Hoskins,White,Black,White
Rich,Hill,White,White,White
Richard,Bleier,White,White,White
Rico,Garcia,Other,Other,Other
Riley,Adams,White,Black,White
Riley,Greene,Other,Black,White
Roansy,Contreras,Black,Other,Black
Rob,Brantly,White,White,White
Robbie,Erlin,White,White,White
Robbie,Grossman,White,White,White
Robert,Dugger,Other,White,White
Robert,Gsellman,White,White,White
Robinson,Chirinos,Other,Other,Other
Rodolfo,Castro,Black,Other,Black
Ronel,Blanco,Black,Other,Black
Ronnie,Dawson,Black,Black,Black
Ronny,Henriquez,Other,Other,Other
Ross,Detwiler,White,White,White
Ryan,Aguilar,Other,Other,Other
Ryan,Borucki,White,White,White
Ryan,Brasier,White,White,White
Ryan,Burr,White,White,White
Ryan,Castellani,White,White,White
Ryan,Feltner,White,White,White
Ryan,Helsley,White,White,White
Ryan,Hendrix,White,White,White
Ryan,Jeffers,White,White,White
Rylan,Bannon,White,White,White
Sam,Clay,White,Black,White
Sam,Coonrod,White,White,White
Sam,Haggerty,Other,White,White
Sam,Hentges,White,White,White
Sam,Hilliard,White,White,White
Sam,Howard,White,White,White
Sam,Huff,White,White,White
Sandy,Alcantara,Asian,Other,Other
Santiago,Espinal,Other,Other,Other
Scott,Alexander,White,White,White
Scott,Barlow,White,White,White
Scott,Effross,White,White,White
Sean,Bouchard,White,White,White
Sean,Doolittle,White,White,White
Sean,Hjelle,White,White,White
Seth,Beer,White,White,White
Seth,Brown,White,Black,White
Shane,Baz,White,Asian,White
Shane,Bieber,White,White,White
Shane,Greene,White,Black,White
Shaun,Anderson,White,Black,White
Shawn,Armstrong,White,Black,White
Silvino,Bracho,Other,Other,Other
Skye,Bolt,White,White,White
Sonny,Gray,White,Black,White
Spencer,Howard,White,Black,White
Steve,Cishek,Asian,White,Asian
Steven,Brault,White,White,White
Steven,Duggar,White,White,White
Stone,Garrett,Black,Black,Black
Stuart,Fairchild,Asian,White,Asian
Tanner,Banks,White,Black,White
Tanner,Houck,White,White,White
Taylor,Clarke,White,Black,White
Taylor,Hearn,Black,White,Black
Taylor,Jones,Other,Black,Other
Terrance,Gore,Black,Black,Black
Thairo,Estrada,Asian,Other,Other
Thomas,Hatch,Other,White,White
Tim,Anderson,Black,White,Black
Tim,Beckham,Black,White,Black
Tim,Hill,White,Black,White
TJ,Friedl,White,White,White
Tommy,Edman,Other,White,White
Tommy,Henry,White,Black,White
Tommy,Hunter,White,Black,White
Tommy,Kahnle,White,White,White
Tony,Gonsolin,White,Black,White
Travis,Blankenhorn,White,White,White
Travis,Demeritte,Black,Black,Black
Travis,d'Arnaud,White,White,White
Travis,Jankowski,White,White,White
Trent,Grisham,Other,White,White
Tres,Barrera,White,Other,White
Trevor,Gott,White,White,White
Trevor,Kelley,White,Black,White
Triston,Casas,White,Other,Other
Tucker,Barnhart,White,White,White
Tucker,Davidson,White,White,White
Ty,Blach,White,White,White
Ty,France,White,Black,White
Tyler,Alexander,White,White,White
Tyler,Anderson,White,White,White
Tyler,Beede,White,White,White
Tyler,Clippard,White,White,White
Tyler,Cyr,Other,White,White
Tyler,Danish,White,White,White
Tyler,Duffey,White,White,White
Tyler,Freeman,Other,White,Other
Tyler,Gilbert,White,White,White
Tyler,Glasnow,White,White,White
Tyler,Heineman,White,White,White
Tyler,Holton,White,White,White
Vaughn,Grissom,Other,Black,Other
Victor,Caratini,White,Other,White
Vinny,Capra,White,Asian,White
Vladimir,Gutierrez,Black,Other,Black
Walker,BueOtherer,White,White,White
Wander,Franco,Asian,Other,Other
Wil,Crowe,White,White,White
Will,Benson,Black,Black,Black
Will,Brennan,Other,White,White
Willi,Castro,Asian,Other,Other
William,Contreras,Asian,Other,Other
Willians,Astudillo,Other,Other,Other
Willie,Calhoun,Black,Black,Other
Willson,Contreras,Other,Other,Other
Willy,Adames,Other,Other,Other
Wilmer,Difo,Asian,Other,Other
Wilmer,Flores,Asian,Other,Other
Wynton,Bernard,Black,Black,Black
Xander,Bogaerts,Other,White,Other
Xzavion,Curry,Black,Black,Black
Yadiel,Hernandez,Other,Other,Other
Yainer,Diaz,Other,Other,Other
Yan,Gomes,White,Asian,White
Yasmani,Grandal,White,Other,White
Yency,Almonte,Black,Other,Black
Yennier,Cano,Black,Other,Black
Yonathan,Daza,Other,Other,Other
Yonny,Chirinos,Other,Other,Other
Yordan,Alvarez,Black,Other,Black
Yu,Chang,Asian,Asian,Asian
Yu,Darvish,Asian,Asian,Asian
Yuli,Gurriel,Other,Asian,Other
Zac,Gallen,White,White,White
Zach,Davies,White,White,White
Zach,Eflin,Other,White,White
Zach,Jackson,White,Black,White
Zack,Britton,White,Black,White
Zack,Collins,White,Black,White
Zack,Greinke,White,White,White
Precious,Achiuwa,Black,Black,Black
Steven,Adams,Other,Black,White
Bam,Adebayo,Black,Black,Black
Ochai,Agbaji,Black,Asian,Black
Santi,Aldama,Other,Other,White
Nickeil,Alexander-Walker,Black,Black,Black
Grayson,Allen,White,White,White
Jarrett,Allen,Black,Black,Black
Jose,Alvarado,Other,Other,Other
Kyle,Anderson,Other,White,Black
Giannis,Antetokounmpo,Black,Other,Black
Thanasis,Antetokounmpo,Black,Asian,Black
Cole,Anthony,Other,Black,Black
O.G.,Anunoby,Black,Asian,Black
Ryan,Arcidiacono,White,White,White
Deni,Avdija,Other,White,White
Deandre,Ayton,Black,Black,Black
Udoka,Azubuike,Black,Black,Black
Ibou,Badji,Black,Black,Black
Marvin,Bagley III,Black,White,Black
Patrick,Baldwin Jr.,Other,Black,White
LaMelo,Ball,Other,Black,Black
Lonzo,Ball,White,Black,Black
Mo,Bamba,Black,Black,Black
Paolo,Banchero,Black,Other,Black
Desmond,Bane,Black,Black,Black
Dalano,Banton,Other,Black,Black
Dominick,Barlow,Black,Black,Black
Harrison,Barnes,Black,Black,Black
Scottie,Barnes,Black,Black,Black
RJ,Barrett,Black,Black,Black
Will,Barton,Black,Black,Black
Charles,Bassey,Black,Black,Black
Keita,Bates-Diop,Black,Black,Black
Nicolas,Batum,Black,White,Other
Darius,Bazley,Black,Black,Black
Bradley,Beal,Black,White,Black
Malik,Beasley,Black,Black,Black
MarJon,Beauchamp,Black,White,Black
Davis,Bertans,White,White,White
Patrick,Beverley,Black,Black,Black
Saddiq,Bey,Black,Asian,Black
Khem,Birch,Black,White,Black
Goga,Bitadze,Other,White,White
Bismack,Biyombo,Black,Black,Black
Buddy,Boeheim,White,White,White
Bogdan,Bogdanovic,Other,White,White
Bojan,Bogdanovic,White,White,White
Bol,Bol,Black,Asian,Black
Leandro,Bolmaro,Other,Other,White
Devin,Booker,Asian,Black,Black
Brandon,Boston Jr.,Black,Black,Black
Chris,Boucher,Black,White,Black
James,Bouknight,Asian,Black,Black
Jamaree,Bouyea,Black,Black,Black
Tony,Bradley,Black,Black,Black
Malaki,Branham,Black,Black,Black
Christian,Braun,White,White,White
Mikal,Bridges,Black,White,Black
Oshae,Brissett,Black,Black,Black
Malcolm,Brogdon,Other,Black,Black
Dillon,Brooks,Black,Black,Black
Bruce,Brown,Black,Black,Black
Jaylen,Brown,Black,Black,Black
Kendall,Brown,Other,Black,Black
Moses,Brown,Black,Black,Black
Sterling,Brown,Black,Black,Black
Greg,Brown III,Black,White,Black
Troy,Brown Jr.,Black,Black,Black
Jalen,Brunson,Black,Black,Black
Thomas,Bryant,Black,White,Black
Reggie,Bullock,Black,Black,Black
Alec,Burks,Black,Black,Black
Deonte,Burton,Black,Black,Black
Jared,Butler,Black,White,Black
Jimmy,Butler,Black,Black,Black
John,Butler Jr.,Black,White,Black
Jamal,Cain,Black,White,Black
Kentavious,Caldwell-Pope,Black,Black,Black
Facundo,Campazzo,Other,Other,White
Vlatko,Cancar,White,White,White
Clint,Capela,Black,Black,Black
Vernon,Carey Jr.,Black,Black,Black
Jevon,Carter,Black,Black,Black
Wendell,Carter Jr.,Black,Black,Black
Michael,Carter-Williams,Black,Black,Black
Alex,Caruso,White,Other,White
Julian,Champagnie,Black,Black,Black
Justin,Champagnie,Black,Black,Black
Kennedy,Chandler,Black,Black,Black
Max,Christie,Black,White,Black
Josh,Christopher,Black,White,Black
Brandon,Clarke,Black,Black,Black
Jordan,Clarkson,Black,White,Black
Nic,Claxton,Black,Black,Black
Amir,Coffey,Black,White,Black
John,Collins,Black,White,Black
Zach,Collins,White,White,White
Mike,Conley,Black,Black,Black
Pat,Connaughton,White,White,White
Robert,Covington,Black,Black,Black
Torrey,Craig,Black,Black,Black
Jae,Crowder,Black,Asian,Black
Jarrett,Culver,Black,White,Black
Cade,Cunningham,Black,Black,Black
Seth,Curry,Other,Black,Black
Stephen,Curry,Other,Black,Black
Dyson,Daniels,Black,Black,Black
Anthony,Davis,Black,Black,Black
Johnny,Davis,Other,Black,Black
Terence,Davis,Black,Black,Black
JD,Davison,Black,Black,Black
Darius,Days,Black,Black,Black
DeMar,DeRozan,Black,White,Black
Dewayne,Dedmon,Black,Black,Black
Matthew,Dellavedova,White,White,White
Donte,DiVincenzo,White,White,White
Moussa,Diabate,Black,Black,Black
Mamadi,Diakite,Black,Black,Black
Hamidou,Diallo,Black,Black,Black
Gorgui,Dieng,Black,Black,Black
Ousmane,Dieng,Black,Black,Black
Spencer,Dinwiddie,Black,Black,Black
Luka,Doncic,White,White,White
Tyler,Dorsey,Black,Black,Black
Luguentz,Dort,Black,Black,Black
Ayo,Dosunmu,Black,Black,Black
Devon,Dotson,Black,Black,Black
Jeff,Dowtin Jr.,Black,White,Black
PJ,Dozier,Black,Black,Black
Goran,Dragic,White,White,White
Andre,Drummond,Black,Black,Black
Chris,Duarte,Other,Other,Black
David,Duke Jr.,Black,White,Black
Kris,Dunn,Black,White,Black
Kevin,Durant,Black,Black,Black
Jalen,Duren,Black,White,Black
Tari,Eason,Black,Black,Black
Anthony,Edwards,Black,Black,Black
Kessler,Edwards,Black,Black,Black
Keon,Ellis,Black,Black,Black
Joel,Embiid,Black,Black,Black
Drew,Eubanks,White,White,White
Bruno,Fernando,Black,Other,Black
Dorian,Finney-Smith,Black,Black,Black
Malachi,Flynn,White,Black,White
Simone,Fontecchio,Other,White,White
Bryn,Forbes,Asian,White,Black
Trent,Forrest,Black,Black,Black
Michael,Foster Jr.,Black,White,Black
Evan,Fournier,Other,White,Other
De'Aaron,Fox,Black,Black,Black
Markelle,Fultz,Black,White,Black
Wenyen,Gabriel,Black,Asian,Black
Daniel,Gafford,Black,White,Black
Danilo,Gallinari,White,Asian,White
Darius,Garland,Black,Black,Black
Usman,Garuba,Black,Asian,Black
Luka,Garza,Other,Other,White
Rudy,Gay,Black,Black,Black
Paul,George,Black,White,Black
Taj,Gibson,Black,Black,Black
Josh,Giddey,White,White,White
Shai,Gilgeous-Alexander,Black,White,Black
Anthony,Gill,Other,Black,Black
Collin,Gillespie,White,Black,White
Rudy,Gobert,Other,Black,Other
Jordan,Goodwin,Black,White,Black
Aaron,Gordon,Other,Black,Other
Eric,Gordon,Black,Black,Black
Devonte',Graham,Black,Black,Black
Jerami,Grant,Black,Black,Black
AJ,Green,White,Black,White
Danny,Green,Black,Black,Black
Draymond,Green,Black,Black,Black
JaMychal,Green,Black,Black,Black
Jalen,Green,Black,Black,Black
Javonte,Green,Black,Black,Black
Jeff,Green,Black,Black,Black
Josh,Green,Asian,Black,Black
AJ,Griffin,Black,Black,Black
Blake,Griffin,Other,White,White
Quentin,Grimes,Other,Black,Black
Rui,Hachimura,Black,Asian,Black
Tyrese,Haliburton,Other,Black,Black
Jordan,Hall,Other,White,Black
R.J.,Hampton,Other,Black,Black
Tim,Hardaway Jr.,Black,White,Black
James,Harden,Black,Black,Black
Jaden,Hardy,Black,Black,Black
Ron,Harper Jr.,Black,Black,Black
Montrezl,Harrell,Black,Black,Black
Gary,Harris,Asian,Black,Black
Joe,Harris,White,Black,White
Kevon,Harris,Black,Black,Black
Tobias,Harris,Other,Black,Black
Josh,Hart,Black,White,Black
Isaiah,Hartenstein,White,White,White
Udonis,Haslem,Black,Black,Black
Sam,Hauser,White,White,White
Jaxson,Hayes,Asian,Black,Black
Killian,Hayes,Black,Black,Other
Gordon,Hayward,White,White,White
Juancho,Hernangomez,Other,Other,Other
Willy,Hernangomez,Other,Other,Other
Tyler,Herro,White,White,White
Buddy,Hield,Black,White,Black
Haywood,Highsmith,Black,Black,Black
George,Hill,Black,Black,Black
Malcolm,Hill,Black,Black,Black
Aaron,Holiday,Black,Black,Black
Jrue,Holiday,Black,Black,Black
Justin,Holiday,Black,Black,Black
Richaun,Holmes,Black,Black,Black
Chet,Holmgren,Other,White,White
Al,Horford,Black,Black,Black
Talen,Horton-Tucker,Asian,White,Black
Danuel,House Jr.,Black,Black,Black
Caleb,Houstan,Other,White,Black
Trevor,Hudgins,Black,Black,Black
Kevin,Huerter,White,White,White
Jay,Huff,White,White,White
De'Andre,Hunter,Black,Black,Black
Bones,Hyland,Black,White,Black
Serge,Ibaka,Black,Black,Black
Andre,Iguodala,Black,Black,Black
Joe,Ingles,White,Other,White
Brandon,Ingram,Black,Black,Black
Kyrie,Irving,Black,Black,Black
Jonathan,Isaac,Black,White,Black
Jaden,Ivey,Black,Black,Black
Frank,Jackson,Other,Black,Other
Isaiah,Jackson,Black,Black,Black
Justin,Jackson,Other,Black,Other
Quenton,Jackson,Black,Black,Black
Reggie,Jackson,Black,Black,Black
Jaren,Jackson Jr.,Black,Black,Black
LeBron,James,Black,Black,Black
DaQuan,Jeffries,Black,Black,Black
Ty,Jerome,Other,Black,White
Isaiah,Joe,Black,Black,Black
Alize,Johnson,Black,Black,Black
Cameron,Johnson,Other,Black,Black
Jalen,Johnson,Other,Black,Black
James,Johnson,Black,Black,Black
Keldon,Johnson,Black,Black,Black
Keon,Johnson,Black,Black,Black
Stanley,Johnson,Black,Black,Black
Nikola,Jokic,White,White,White
Carlik,Jones,Black,Black,Black
Damian,Jones,Black,Black,Black
Herbert,Jones,Black,Black,Black
Kai,Jones,Black,Black,Black
Tre,Jones,Black,Black,Black
Tyus,Jones,Black,Black,Black
Derrick,Jones Jr.,Black,Black,Black
DeAndre,Jordan,Black,Black,Black
Cory,Joseph,Other,Black,Black
Nikola,Jovic,White,White,White
Johnny,Juzang,Other,Asian,Asian
Mfiondu,Kabengele,Black,Black,Black
Frank,Kaminsky,White,White,White
Trevor,Keels,Black,Black,Black
Luke,Kennard,White,White,White
Walker,Kessler,White,White,White
Braxton,Key,Black,Black,Black
Louis,King,Black,Black,Black
Corey,Kispert,White,White,White
Maxi,Kleber,Other,White,Black
Nathan,Knight,Black,Black,Black
Kevin,Knox II,Black,White,Black
Christian,Koloko,Black,Black,Black
John,Konchar,White,White,White
Furkan,Korkmaz,Other,White,White
Luke,Kornet,White,White,White
Vit,Krejci,White,White,White
Jonathan,Kuminga,Black,Black,Black
Kyle,Kuzma,Other,White,Other
Jake,LaRavia,White,Other,White
Zach,LaVine,Other,White,Black
Anthony,Lamb,Other,Black,Black
Jock,Landale,White,Black,White
Romeo,Langford,Black,Black,Black
A.J.,Lawson,Black,White,Black
Caris,LeVert,Black,White,Black
Damion,Lee,Black,Black,Black
Saben,Lee,Black,Asian,Black
Alex,Len,Other,Asian,White
Kawhi,Leonard,Black,White,Black
Meyers,Leonard,White,White,White
Justin,Lewis,Black,Black,Black
Kira,Lewis Jr.,Black,Black,Black
E.J.,Liddell,Black,Black,Black
Damian,Lillard,Black,White,Black
Nassir,Little,Black,White,Black
Isaiah,Livers,Asian,Black,Black
Kenneth,Lofton Jr.,Black,Black,Black
Kevon,Looney,Black,Black,Black
Brook,Lopez,White,Other,White
Robin,Lopez,White,Other,White
Kevin,Love,White,Black,White
Kyle,Lowry,Black,White,Black
Trey,Lyles,Asian,Black,Black
Theo,Maledon,Black,Black,Black
Sandro,Mamukelashvili,White,White,White
Terance,Mann,Black,Black,Black
Tre,Mann,Black,Black,Black
Boban,Marjanovic,Other,White,White
Lauri,Markkanen,White,White,White
Naji,Marshall,Black,White,Black
Caleb,Martin,Black,White,Black
Cody,Martin,Asian,White,Black
Tyrese,Martin,Other,Black,Black
Kenyon,Martin Jr.,Black,Black,Black
Garrison,Mathews,White,Black,White
Bennedict,Mathurin,Black,Black,Black
Wesley,Matthews,Black,Black,Black
Tyrese,Maxey,Black,Black,Black
Miles,McBride,Black,Black,Black
Mac,McClung,White,Black,White
CJ,McCollum,Black,Black,Black
T.J.,McConnell,White,Black,White
Jaden,McDaniels,Black,Black,Black
Jalen,McDaniels,Black,Black,Black
Doug,McDermott,White,White,White
JaVale,McGee,Black,Black,Black
Bryce,McGowens,Black,Black,Black
Rodney,McGruder,Black,Black,Black
Jordan,McLaughlin,Black,White,Black
De'Anthony,Melton,Black,Black,Black
Sam,Merrill,White,White,White
Chimezie,Metu,Black,Black,Black
Khris,Middleton,Black,Black,Black
Patty,Mills,Black,Black,Black
Shake,Milton,Black,Black,Black
Josh,Minott,Black,Black,Black
Davion,Mitchell,Black,Black,Black
Donovan,Mitchell,Black,Black,Black
Evan,Mobley,Black,Black,Black
Isaiah,Mobley,Black,Black,Black
Chima,Moneke,Black,Black,Black
Malik,Monk,Black,Black,Black
Moses,Moody,Black,Black,Black
Xavier,Moon,Black,Black,Black
Wendell,Moore Jr.,Black,Black,Black
Ja,Morant,Black,Black,Black
Markieff,Morris,Black,Black,Black
Monte,Morris,Black,Black,Black
Marcus,Morris Sr.,Black,Black,Black
Trey,Murphy III,Black,White,Black
Dejounte,Murray,Black,Black,Black
Jamal,Murray,Asian,Black,Black
Keegan,Murray,Black,Black,Black
Mike,Muscala,White,White,White
Svi,Mykhailiuk,White,White,White
Larry,Nance Jr.,Other,Black,Black
Andrew,Nembhard,Other,Black,Black
Aaron,Nesmith,Black,Black,Black
Raul,Neto,Other,Other,White
Georges,Niang,Other,Black,White
Daishen,Nix,Black,Black,Black
Zeke,Nnaji,Black,Black,Black
Nerlens,Noel,Black,Black,Black
Jaylen,Nowell,Black,Black,Black
Frank,Ntilikina,Black,Black,Black
Kendrick,Nunn,Black,Black,Black
Jusuf,Nurkic,White,White,White
Jordan,Nwora,Black,Black,Black
Royce,O'Neale,Black,Black,Black
Chuma,Okeke,Black,Black,Black
Josh,Okogie,Black,Black,Black
Onyeka,Okongwu,Black,Black,Black
Isaac,Okoro,Black,Black,Black
KZ,Okpala,Black,Black,Black
Victor,Oladipo,Black,Black,Black
Kelly,Olynyk,White,White,White
Eugene,Omoruyi,Black,Black,Black
Cedi,Osman,White,White,White
Kelly,Oubre Jr.,Black,Black,Black
Chris,Paul,Black,Black,Black
Cameron,Payne,Black,Black,Black
Gary,Payton II,Asian,White,Black
Theo,Pinson,Black,Black,Black
Scotty,Pippen Jr.,Black,White,Black
Mason,Plumlee,White,White,White
Jakob,Poeltl,White,White,White
Aleksej,Pokusevski,White,White,White
Jordan,Poole,Black,White,Black
Kevin,Porter Jr.,Black,White,Black
Michael,Porter Jr.,Other,White,Black
Otto,Porter Jr.,Black,White,Black
Bobby,Portis,Black,Black,Black
Kristaps,Porzingis,White,White,White
Micah,Potter,White,White,White
Dwight,Powell,Other,Black,Other
Norman,Powell,Black,Black,Black
Jason,Preston,Black,White,White
Joshua,Primo,Black,Black,Black
Taurean,Prince,Black,Black,Black
Payton,Pritchard,White,White,White
Trevelin,Queen,Other,Black,Other
Neemias,Queta,Black,Other,Black
Immanuel,Quickley,Black,Black,Black
Julius,Randle,Black,Black,Black
Austin,Reaves,White,Black,White
Cam,Reddish,Black,Asian,Black
Davon,Reed,Black,Black,Black
Paul,Reed,Black,White,Black
Naz,Reid,Black,White,Black
Jared,Rhoden,Black,White,Black
Nick,Richards,Black,Black,Black
Josh,Richardson,Black,Black,Black
Austin,Rivers,Other,Black,Black
Duncan,Robinson,White,Black,White
Mitchell,Robinson,Black,Black,Black
Orlando,Robinson,Black,Other,Black
Jeremiah,Robinson-Earl,Black,Black,Black
Isaiah,Roby,Asian,Black,Other
David,Roddy,Other,White,Black
Ryan,Rollins,Other,White,Black
Derrick,Rose,Black,Black,Black
Terrence,Ross,Black,Black,Black
Terry,Rozier,Black,Black,Black
Ricky,Rubio,Other,Other,White
D'Angelo,Russell,Asian,Black,Black
Matt,Ryan,White,White,White
Domantas,Sabonis,White,White,White
Dario,Saric,Other,White,White
Olivier,Sarr,Black,Black,Black
Jordan,Schakel,Other,White,Other
Admiral,Schofield,Black,White,Black
Dennis,Schroder,Black,White,Black
Dereon,Seabron,Black,Black,Black
Alperen,Sengun,Other,Asian,White
Collin,Sexton,Black,White,Black
Landry,Shamet,Other,Black,Other
Day'Ron,Sharpe,Black,Black,Black
Shaedon,Sharpe,Black,Black,Black
Pascal,Siakam,Black,Black,Black
Chris,Silva,Black,Other,Black
Ben,Simmons,Other,Black,Black
Marko,Simonovic,White,White,White
Anfernee,Simons,Black,Black,Black
Jericho,Sims,Black,Black,Black
Marcus,Smart,Black,Black,Black
Dru,Smith,Black,Black,Black
Ish,Smith,Black,Black,Black
Jalen,Smith,Black,Black,Black
Dennis,Smith Jr.,Black,Black,Black
Jabari,Smith Jr.,Black,Black,Black
Jeremy,Sochan,Black,Asian,Black
Jaden,Springer,Black,White,Black
Lamar,Stevens,Black,White,Black
Isaiah,Stewart,Black,Black,Black
Max,Strus,Other,White,White
Jalen,Suggs,Other,Black,Black
Edmond,Sumner,Black,White,Black
Cole,Swider,Other,White,White
Jae'Sean,Tate,Black,Black,Black
Jayson,Tatum,Black,Black,Black
Terry,Taylor,Black,Black,Black
Garrett,Temple,Black,White,Black
Dalen,Terry,Black,Black,Black
Daniel,Theis,White,White,White
Cam,Thomas,Black,Asian,Black
Klay,Thompson,Other,Black,Black
JT,Thor,Black,Asian,Black
Matisse,Thybulle,Other,Black,Black
Xavier,Tillman,Black,Black,Black
Isaiah,Todd,Black,Black,Black
Obi,Toppin,Asian,Black,Black
Juan,Toscano-Anderson,Black,Other,Other
Karl-Anthony,Towns,Black,Black,Black
Gary,Trent Jr.,Black,White,Black
P.J.,Tucker,Black,Black,Black
Myles,Turner,Black,Black,Black
Stanley,Umude,Black,Black,Black
Jonas,Valanciunas,White,White,White
Fred,VanVleet,Other,White,Black
Jarred,Vanderbilt,Black,White,Black
Devin,Vassell,Black,Black,Black
Gabe,Vincent,Asian,Black,Black
Noah,Vonleh,Black,Black,Black
Nikola,Vucevic,White,White,White
Dean,Wade,White,Black,White
Franz,Wagner,White,White,White
Moritz,Wagner,White,White,White
Ish,Wainright,Other,Black,Black
Jabari,Walker,Black,Black,Black
Kemba,Walker,Black,Black,Black
Lonnie,Walker IV,Black,Black,Black
John,Wall,Black,White,Black
T.J.,Warren,Black,Black,Black
P.J.,Washington,Black,Black,Black
Duane,Washington Jr.,Other,Black,Black
TyTy,Washington Jr.,Black,Black,Black
Yuta,Watanabe,Asian,Asian,Asian
Lindy,Waters III,Other,White,Black
Trendon,Watford,Black,Black,Black
Peyton,Watson,Black,Black,Black
Blake,Wesley,Black,Black,Black
Russell,Westbrook,Black,White,Black
Coby,White,Black,Black,Black
Derrick,White,Black,Black,Black
Jack,White,White,Black,White
Joe,Wieskamp,White,White,White
Aaron,Wiggins,Black,Black,Black
Andrew,Wiggins,Black,Black,Black
Lindell,Wigginton,Black,Black,Black
Alondes,Williams,Black,Black,Black
Donovan,Williams,Black,Black,Black
Grant,Williams,Black,Black,Black
Jalen,Williams,Black,Black,Black
Jaylin,Williams,Black,Black,Black
Kenrich,Williams,Black,Black,Black
Mark,Williams,Black,Black,Black
Patrick,Williams,Black,Black,Black
Ziaire,Williams,Black,Black,Black
Robert,Williams III,Black,White,Black
Vince,Williams Jr.,Black,Black,Black
Zion,Williamson,Black,Black,Black
Dylan,Windler,White,White,White
Justise,Winslow,Black,Black,Black
James,Wiseman,Black,White,Black
Christian,Wood,Black,White,Black
Delon,Wright,Black,Black,Black
McKinley,Wright IV,Black,Black,Black
Thaddeus,Young,Black,Black,Black
Trae,Young,Asian,Black,Black
Omer,Yurtseven,Asian,White,Black
Cody,Zeller,White,White,White
Ivica,Zubac,Other,White,White
+Caeleb,Dressel,White,White,White
Emma,Mckeon,White,White,White
Kaylee,Mckeown,White,White,White
Elaine,Thompson-herah,Black,Black,Black
Lisa,Carrington,White,Black,White
San,An,Asian,Asian,Asian
Katie,Ledecky,White,White,White
Yufei,Zhang,Asian,Asian,Asian
Ariarne,Titmus,White,White,White
Vitalina,Batsarashkina,White,White,White
Daiki,Hashimoto,Asian,Asian,Asian
Adam,Peaty,White,White,White
Evgeny,Rylov,Other,White,White
Sifan,Hassan,Black,Asian,Black
Yui,Ohashi,Asian,Asian,Asian
Sofia,Pozdniakova,White,White,White
Svetlana,Kolesnichenko,White,White,White
Qian,Yang,Asian,Asian,Asian
Sydney,Mclaughlin,Asian,Black,Black
Robert,Finke,White,White,White
Athing,Mu,Black,Asian,Black
Tingmao,Shi,Asian,Asian,Asian
Lamont,Marcell,Other,Black,White
Long,Ma,Asian,Asian,Asian
Meng,Chen,Asian,Asian,Asian
Clarisse,Agbegnenou,Black,Black,Black
Svetlana,Romashina,White,White,White
Je,Deok,Asian,Asian,Asian
Sunisa,Lee,Asian,Asian,Asian
Ryan,Murphy,White,White,White
Mima,Ito,Asian,Asian,Asian
Andre,De,Black,Black,Other
Margaret,Mac,Asian,White,Asian
Joshua,Kiprui,Black,Black,Black
Akira,Sone,Asian,Asian,Asian
Sofiya,Velikaya,White,White,White
Rai,Benjamin,Black,Black,Black
Yuan,Cao,Asian,Asian,Asian
Rebeca,Andrade,Black,Other,Other
Hifumi,Abe,Asian,Asian,Asian
Dalilah,Muhammad,Black,Asian,Black
Inna,Deriglazova,White,White,White
Jason,Kenny,White,White,White
Kristof,Kristof,Other,White,White
Uta,Abe,Asian,Asian,Asian
Takanori,Nagase,Asian,Asian,Asian
Laura,Kenny,White,White,White
Xin,Xu,Asian,Asian,Asian
Isabell,Werth,White,White,White
Zhendong,Fan,Asian,Asian,Asian
Belinda,Bencic,White,White,White
Aaron,Wolf,Asian,White,White
Shohei,Ono,Asian,Asian,Asian
Shelly-ann,Fraser-pryce,Black,Black,Black
Denis,Ablyazin,White,White,White
Brianna,Throssell,White,White,White
Shericka,Jackson,Black,Black,Black
Nikita,Nagornyy,White,White,White
Angelina,Melnikova,White,White,White
Larisa,Korobeynikova,Asian,White,White
Jessica,Fox,White,White,White
Emily,Seebohm,White,White,White
Jingyuan,Zou,Asian,Asian,Asian
Thomas,Daley,White,White,White
Danuta,Kozak,White,White,White
Izaac,Stubblety-cook,White,White,White
Aron,Szilagyi,Other,White,White
Madison,Wilson,White,Black,White
Teddy,Riner,Black,White,Black
Allyson,Felix,Black,Other,Black
David,Belyavskiy,White,White,White
Bakhodir,Jalolov,Asian,White,White
Soufiane,Elbakkali,White,White,Other
Chase,Kalisz,White,White,White
Italo,Ferreira,Other,Other,Other
Ryutaro,Umeno,Asian,Asian,Asian
Kahena,Kunze,White,White,White
Jeahwan,Shin,Asian,Asian,Asian
Vladislav,Larin,Other,White,White
Emmanuel,Kipkurui,Black,Black,Black
Diana,Taurasi,White,White,Other
Alexander,Zverev,White,White,White
Daniel,Stahl,White,White,White
Linoy,Ashram,White,Asian,White
Sosuke,Genda,Asian,Asian,Asian
Hayato,Sakamoto,Asian,Asian,Asian
Suguru,Iwazaki,Asian,Asian,Asian
Anders,Berntsen,White,White,White
Jakob,Ingebrigtsen,White,White,White
Enzo,Lefort,Black,White,Black
Jade,Carey,White,Black,White
Artur,Dalaloyan,White,White,White
Christine,Sinclair,White,Black,White
Faith,Chepngetich,Black,Black,Black
Sakura,Yosozumi,Asian,Asian,Asian
Nikola,Karabatic,Other,White,White
Viktoria,Listunova,White,White,White
Dani,Alves,Black,Other,Other
Sue,Bird,White,White,White
Ahmed,Hafnaoui,Other,White,Other
Koyo,Aoyagi,Asian,Asian,Asian
Jerry,Tuwai,Black,Black,Black
Hideto,Asamura,Other,Asian,Asian
Momiji,Nishiya,Asian,Asian,Asian
Kevin,Durant,Black,Black,Black
Hidilyn,Diaz,Asian,Other,Asian
Milica,Mandic,Other,White,Other
April,Ross,White,Black,White
Yang,Liu,Asian,Asian,Asian
Primoz,Roglic,White,White,White
Miltiadis,Tentoglou,Other,White,White
Yasuaki,Yamasaki,Other,Asian,Asian
Florian,Wellbrock,White,White,White
Hiromi,Itoh,Asian,Asian,Asian
Hansle,Parchment,Black,Black,Black
Jolanda,Neff,White,White,White
Woojin,Kim,Asian,Asian,Asian
Munetaka,Murakami,Asian,Asian,Asian
Yuki,Yanagita,Asian,Asian,Asian
Yuto,Horigome,White,Asian,Asian
Yoshinobu,Yamamoto,Asian,Asian,Asian
Lasha,Talakhadze,White,White,White
Gianmarco,Tamberi,White,White,White
Ryan,Crouser,Asian,White,White
Nina,Derwael,White,White,White
Neeraj,Chopra,Other,Asian,Other
Hamish,Bond,White,Black,White
Viktor,Axelsen,White,White,White
Eliud,Kipchoge,Black,Black,Black
Damian,Warner,Black,White,Black
Andrey,Rublev,White,White,White
Ryosuke,Kikuchi,Asian,Asian,Asian
Mete,Gazoz,White,White,Other
Niek,Kimmann,White,White,White
Takuya,Kai,Asian,Asian,Asian
Valent,Sinkovic,White,White,White
Pedro,P.,Black,Other,Black
Kensuke,Kondoh,Asian,Asian,Asian
Steven,Gardiner,Black,White,Black
Kaima,Taira,Asian,Asian,Asian
Isaquias,Queiroz,Other,Other,Other
Yiwen,Sun,Asian,Asian,Asian
Maksim,Khramtcov,White,White,White
Artem,Dolgopyat,Other,White,White
Mutaz,Essa,Black,White,Black
Karsten,Warholm,White,White,White
Richarlison,De,Other,Asian,Other
Armand,Duplantis,White,White,White
Abdulrashid,Sadulaev,Other,White,Other
Naohisa,Takato,Asian,Asian,Asian
Emma,Twigg,White,White,White
Panipak,Wongpattanakit,Asian,Asian,Asian
Xiaojun,Lyu,Asian,Asian,Asian
Masataka,Yoshida,Asian,Asian,Asian
Chenchen,Guan,Asian,Asian,Asian
Yulimar,Rojas,Other,Other,Other
Alberto,Gines,White,Other,Other
Jasmine,Camacho-quinn,Black,Black,Black
Tetsuto,Yamada,Asian,Asian,Asian
Carissa,Moore,Other,Black,Other
Jonathan,Brownlee,White,Black,White
Josua,Vakurunabili,Black,White,Black
Martin,Sinkovic,White,White,White
Yukiko,Ueno,Asian,Asian,Asian
Max,Whitlock,White,White,White
Filip,Filipovic,White,White,White
Anita,Wlodarczyk,White,White,White
Mariya,Lasitskene,Other,White,White
Ryoya,Kurihara,Asian,Asian,Asian
Portia,Woodman,Asian,Black,White
Masato,Morishita,Asian,Asian,Asian
Martine,Grael,White,Black,White
Luc,Abalo,Black,Black,Black
Selemon,Barega,Black,Black,Black
Alberto,Fernandez,Asian,Other,White
Dawid,Tomala,White,White,White
Yudai,Ohno,Asian,Asian,Asian
Seiya,Suzuki,Asian,Asian,Asian
Shaunae,Miller-uibo,Black,Black,Black
Risako,Kawai,Asian,Asian,Asian
Wojciech,Nowicki,White,White,White
Keegan,Palmer,White,White,White
Madeline,Musselman,White,White,White
Nafissatou,Thiam,Other,Black,Black
Ashleigh,Johnson,Black,Black,Black
Flora,Duffy,White,White,White
Ryoji,Kuribayashi,Asian,Asian,Asian
Janja,Garnbret,White,White,White
Massimo,Stano,Other,White,Other
Musa,Evloev,White,White,White
Maude,Garon,White,Black,White
Zach,Lavine,Other,White,White
Lilly,King,White,Black,White
Regan,Smith,Other,Black,White
Xuechen,Huang,Asian,Asian,Asian
Elena,Osipova,White,White,White
Wenyan,Sun,Asian,Asian,Asian
Ruoteng,Xiao,Asian,Asian,Asian
Kyle,Chalmers,White,White,White
Penny,Oleksiak,White,White,White
Gabrielle,Thomas,Black,Black,Black
Dimitrij,Ovtcharov,White,White,White
Abbey,Weitzeil,White,White,White
Simone,Biles,Black,Black,Black
Taylor,Madison,White,Black,White
Kazuma,Kaya,Asian,Asian,Asian
Kliment,Kolesnikov,White,White,White
Thomas,Ceccon,Other,White,Other
Laura,Asadauskaite,White,White,Other
Anthony,Zambrano,Black,Other,Other
Lamecha,Girma,Black,Black,Black
Jennifer,Abel,Black,White,Black
Long,Chen,Asian,Asian,Asian
Jack,Mcloughlin,White,White,White
Ana,Maria,White,Other,White
Kelvin,Hoefler,Other,White,Other
Daniel,Dhers,White,Black,White
Timothy,Cheruiyot,Black,Black,Black
Idalys,Ortiz,Black,Other,Black
Xijing,Tang,Asian,Asian,Asian
Tzu,Ying,Asian,Asian,Asian
Eivind,Henriksen,White,White,White
Anastasiia,Tatareva,White,White,White
Joe,Kovacs,White,White,White
Shiwen,Liu,Asian,Asian,Asian
Jakub,Vadlejch,White,White,White
Mykayla,Skinner,White,White,White
Ksenia,Perova,White,White,White
Takeru,Kitazono,Asian,Asian,Asian
Teresa,Portela,White,Other,Other
Laura,Muir,White,White,White
Anastasiia,Maksimova,White,White,White
Richard,Schmidt,White,White,White
Ravi,Kumar,Other,Asian,Other
Daniele,Garozzo,Other,White,White
Pat,Mccormack,White,White,White
Luis,Javier,Asian,Other,Other
Dina,Averina,White,White,White
Mikkel,Hansen,White,White,White
Ysaora,Thibus,Other,Other,Other
Anastasiia,Iliankova,Other,White,White
Hellen,Onsando,Black,Black,Black
Chih,Kai,Asian,Asian,Asian
Gregorio,Paltrinieri,White,Other,White
Ferguson,Cheruiyot,Black,Black,Black
Christopher,Nilsen,White,White,White
Fred,Kerley,Black,White,Black
Cat,Osterman,Other,White,White
Kyle,Frederick,White,White,White
Aisen,Chen,Asian,Asian,Asian
Jordan,Chiles,Asian,Black,Black
Monica,Abbott,Other,White,White
Kanoa,Igarashi,Asian,Asian,Asian
Kasumi,Ishikawa,Asian,Asian,Asian
Chanu,Saikhom,Asian,Asian,Asian
Kenneth,Bednarek,Black,White,Black
Tin,Srbic,White,White,White
Nathaniel,Coleman,White,Black,White
Christine,Mboma,Black,Black,Black
Saul,Craviotto,Other,Other,White
Miho,Nonaka,Asian,Asian,Asian
Marketa,Vondrousova,White,White,White
Tina,Trstenjak,Other,White,White
Rudy,Gobert,Other,Black,Black
Hao,You,Asian,Asian,Asian
Kalkidan,Gezahegne,Other,Black,Black
Simon,Pettersson,White,White,White
Koki,Ikeda,Asian,Asian,Asian
Anzhelika,Sidorova,White,White,White
Dong,Dong,Asian,Asian,Asian
Lukas,Dauser,White,White,White
Kokona,Hiraki,Asian,Asian,Asian
Mohammed,Ahmed,Black,Asian,Black
Wataru,Tanigawa,Asian,Asian,Asian
Timo,Boll,White,White,White
Miu,Hirano,Asian,Asian,Asian
Jonathan,Hilbert,White,White,White
Bianca,Buitendag,Other,Other,White
Grant,Holloway,Black,Black,Black
Gabriela,Bayardo,Other,Other,Other
Steve,Wijler,Other,White,White
Yaming,Zhu,Asian,Asian,Asian
Juan,Miguel,Black,Other,Other
Mauro,Nespoli,White,White,Other
Abdi,Nageeye,Black,Black,Black
Elena,Vesnina,White,White,White
Brittney,Reese,Black,Black,Black
Grace,Mccallum,White,Black,White
Florent,Manaudou,Other,Black,White
Rayssa,Leal,Black,Other,White
Mariana,Pajn,Other,Other,Other
Kendra,Harrison,Black,Black,Black
Adriana,Cerezo,Other,Other,Other
Kevin,Mayer,Other,White,White
Kjetil,Borch,White,White,White
Rayderley,Miguel,Black,Other,Other
Vanessa,Ferrari,White,White,Other
Pedro,Barros,Other,Other,Other
Charlotte,Dujardin,White,White,White
Emma,Jorgensen,White,White,White
Takaharu,Furukawa,Asian,Asian,Asian
Anastasiya,Savchuk,White,White,White
Marta,Fiedina,Black,Other,White
Nicolo,Martinenghi,Other,White,Other
Ferhat,Arican,Other,White,Other
Lisa,Unruh,White,White,White
Simone,Manuel,Black,Black,Black
Toshikazu,Yamanishi,Asian,Asian,Asian
Florian,Wellbrock,White,White,White
Luis,Alvarez,Other,Other,Other
Race,Imboden,White,White,White
Patty,Mills,Black,Black,Black
Noah,Lyles,Black,Black,Black
Mack,Horton,White,Black,White
Irma,Testa,Other,Other,White
Daryll,Neita,Black,Black,Black
Lovlina,Borgohain,Other,Asian,Other
Ana,Peleteiro,Black,Other,Black
Ashley,Moloney,White,White,White
Dylan,Schmidt,White,White,White
Megan,Rapinoe,White,White,White
Benjamin,Kigen,Black,Black,Black
Thiago,Braz,White,Other,Other
Patryk,Dobek,White,White,White
Ronald,Levy,Black,White,Black
Lucilla,Boari,White,White,White
Pawel,Fajdek,White,White,White
Maksim,Nedasekau,White,White,White
Owen,Wright,White,Black,White
Manpreet,Singh,Asian,Asian,Other
Artur,Davtyan,Other,White,Other
Melissa,Wu,Other,Asian,Asian
Ashleigh,Barty,White,White,White
Paul,Kipkemoi,Black,Black,Black
Asha,Philip,Black,Asian,Black
Helen,Louise,White,Black,White
Bashir,Abdi,Asian,Black,Black
Anna,Van,White,Asian,White
Elijah,Winnington,White,Black,White
Tomas,Walsh,White,White,White
Sideris,Tasiadis,Other,White,Other
Alejandra,Valencia,White,Other,Other
Tomokazu,Harimoto,Asian,Asian,Asian
Yeldos,Smetov,Asian,White,Asian
Valerie,Adams,Asian,Black,Other
Carli,Lloyd,White,Black,White
Dina,Asher-smith,Black,White,Black
Funa,Nakayama,Asian,Asian,Asian
Tadej,Pogacar,White,White,White
Alexander,Massialas,Asian,Other,White
Cory,Juneau,White,White,White
Josh,Kerr,White,White,White
Seojeong,Yeo,Asian,Asian,Asian
Bruno,Fratus,Asian,White,Other
Pusarla,Venkata,Asian,Asian,Other
Anthony,Sinisuka,Asian,Black,Asian
Fabrice,Zango,Black,Black,Black
Yaroslava,Mahuchikh,White,White,White
Sebastian,Brendel,White,White,White
Bryony,Page,White,Black,White
Rossella,Fiamingo,White,Other,Other
Evan,Dunfee,White,White,White
Letesenbet,Gidey,Asian,Black,Black
Alice,Kinsella,White,White,White
Jagger,Eaton,White,White,White
Kirani,James,Black,Black,Black
Jacob,Kiplimo,Black,Black,Black
Sky,Brown,Asian,Black,White
Jack,Laugher,White,White,White
Eleftherios,Petrounias,White,White,White
Bianca,Walkden,Other,White,White
Lydia,Ko,Asian,Asian,Asian
Alexandra,Patricia,White,Other,White
Gregorio,Paltrinieri,White,Other,White
Chloe,Dygert,White,White,White
Mai,Murakami,Asian,Asian,Asian
Maykel,Masso,Black,Other,Black
Alison,Dos,Asian,White,Black
Jessica,Gadirova,Other,White,White
Vitezslav,Vesely,White,White,White
Duan,Domovic,Other,White,White
Megan,Tapper,Black,White,Black
Lukas,Weisshaidinger,White,White,White
Damir,Martin,White,White,White
Pernille,Blume,White,White,White
Marcos,Moneta,White,Other,White